Trans. ,Bag,Blush,Nail Polish,Brushes,Concealer,Eyebrow Pencils,Bronzer,Lip liner,Mascara,Eye shadow,Foundation,Lip Gloss,Lipstick,Eyeliner
1,0,1,1,1,1,0,1,1,1,0,0,0,0,1
2,0,0,1,0,1,0,1,1,0,0,1,1,0,0
3,0,1,0,0,1,1,1,1,1,1,1,1,1,0
4,0,0,1,1,1,0,1,0,0,0,1,0,0,1
5,0,1,0,0,1,0,1,1,1,1,0,1,1,0
6,0,0,0,0,1,0,0,0,0,0,0,0,0,1
7,0,1,1,1,1,0,1,1,1,1,1,1,0,0
8,0,0,1,1,0,0,1,0,1,1,0,1,0,0
9,0,0,0,0,1,0,0,0,0,0,1,0,1,0
10,1,1,1,1,0,0,0,0,1,1,0,0,0,0
11,0,0,1,0,0,0,1,0,0,0,0,1,1,1
12,0,0,1,1,1,0,1,0,1,1,1,0,0,0
13,0,1,0,0,1,0,0,1,1,1,0,1,0,0
14,0,1,1,1,1,0,1,1,1,1,1,1,1,0
15,0,1,0,0,1,0,1,1,1,1,1,1,1,1
16,0,0,1,1,1,0,1,1,1,1,1,1,1,1
17,1,1,1,1,1,0,1,1,1,1,0,0,0,1
18,0,0,0,0,1,0,0,0,0,0,1,1,1,1
19,0,1,1,0,1,1,0,0,1,1,0,0,1,0
20,0,1,0,0,1,0,1,0,1,0,1,0,1,1
21,0,1,0,0,1,1,1,1,1,1,1,1,1,1
22,0,0,0,0,0,0,0,0,0,0,1,1,1,0
23,0,1,0,0,1,0,1,1,0,0,0,0,0,0
24,0,0,0,0,0,0,1,0,1,1,1,0,1,0
25,0,1,0,0,0,0,1,1,0,0,0,0,1,1
26,0,0,0,0,0,0,1,0,0,0,0,1,1,0
27,0,0,1,0,1,0,0,0,1,0,1,1,1,1
28,1,1,1,1,1,0,1,1,1,1,1,1,1,1
29,0,0,1,1,0,0,1,1,0,1,0,0,1,0
30,0,1,1,1,1,0,1,0,1,1,1,0,1,1
31,0,1,0,0,0,0,1,0,1,1,0,1,0,1
32,0,0,1,1,1,0,1,1,1,1,1,1,0,1
33,0,1,1,1,1,0,1,1,1,1,0,1,0,1
34,0,1,0,0,0,0,1,0,0,0,1,0,1,0
35,0,1,0,0,1,0,1,0,1,1,0,1,0,1
36,0,1,0,0,0,0,1,0,1,1,1,0,0,1
37,0,0,1,1,1,0,0,0,1,1,0,0,1,1
38,0,0,0,0,0,0,0,0,0,0,0,0,1,0
39,1,1,1,1,1,0,1,1,0,0,1,1,1,1
40,0,0,0,0,0,0,1,0,0,0,0,1,0,1
41,0,0,1,0,0,0,0,1,0,0,0,1,0,0
42,0,0,1,1,1,0,1,0,1,1,0,1,0,1
43,0,1,1,0,1,0,1,1,1,1,1,1,1,1
44,0,1,1,1,1,0,1,0,1,1,1,0,1,1
45,0,1,0,0,1,0,1,0,1,1,1,0,0,1
46,0,1,0,0,1,0,1,0,1,1,1,1,0,1
47,0,1,1,0,0,0,1,0,1,1,0,1,0,1
48,0,1,1,1,1,0,1,1,0,0,0,0,0,1
49,1,0,1,0,1,0,1,0,1,0,1,0,1,1
50,1,1,1,1,1,0,1,1,1,1,0,1,0,1
51,0,0,0,0,0,0,0,0,0,0,1,1,0,0
52,0,0,0,0,1,0,0,0,1,1,1,1,0,1
53,0,0,0,0,1,0,1,1,0,0,1,1,1,1
54,0,1,1,1,1,0,1,1,1,1,0,1,0,0
55,0,0,0,0,1,0,1,1,1,1,0,0,0,1
56,0,0,1,1,1,0,1,1,1,1,0,0,1,1
57,0,1,1,1,1,1,1,0,0,0,0,1,0,0
58,0,1,1,1,1,0,1,1,1,1,1,1,0,1
59,0,1,1,1,1,0,1,0,0,0,1,1,0,0
60,0,0,0,0,0,1,1,0,0,0,0,1,1,0
61,0,0,0,0,1,0,0,1,1,1,1,0,0,0
62,0,1,0,0,1,0,0,0,0,0,1,1,0,1
63,0,0,1,0,0,0,0,0,0,0,1,1,0,0
64,0,1,1,1,1,0,1,1,1,0,0,0,0,1
65,0,1,1,1,0,0,1,1,1,1,1,1,0,0
66,0,0,0,0,0,0,1,0,1,1,0,1,1,0
67,1,0,0,0,0,0,0,0,0,0,1,1,0,1
68,1,0,1,1,0,0,0,1,1,1,0,1,0,1
69,0,0,0,0,1,0,0,0,1,1,0,0,1,0
70,0,1,0,0,1,0,1,1,1,1,1,1,0,1
71,0,0,1,1,1,0,0,0,0,0,1,1,0,0
72,0,0,1,1,1,0,0,0,0,0,0,0,0,1
73,0,0,1,1,1,0,1,1,1,1,1,1,0,1
74,0,1,1,1,1,0,1,0,1,1,1,0,1,0
75,0,0,0,0,1,0,1,1,1,1,0,1,0,1
76,0,0,0,0,0,0,1,0,0,0,0,1,1,1
77,0,0,0,0,1,0,0,0,0,0,1,1,1,1
78,0,1,1,1,1,0,1,1,0,0,0,0,0,1
79,0,0,0,0,0,0,0,0,1,1,1,1,0,0
80,0,1,1,1,1,1,1,1,1,1,1,1,1,0
81,0,0,1,1,1,0,1,1,0,1,0,0,1,1
82,0,1,0,0,1,0,1,0,1,1,1,1,0,1
83,0,0,0,0,1,0,0,0,0,0,1,1,1,1
84,1,0,0,0,1,0,0,0,1,1,1,1,0,0
85,1,0,1,1,1,0,0,0,1,0,1,1,0,0
86,0,1,0,0,1,0,0,0,0,0,1,1,0,1
87,0,1,1,0,0,0,0,0,0,0,0,0,0,0
88,0,0,0,0,1,0,0,0,1,1,0,0,0,0
89,0,1,1,1,1,0,1,1,0,0,0,0,0,1
90,0,0,1,1,1,0,1,0,0,0,0,1,0,1
91,0,1,1,0,1,0,0,1,1,1,0,1,0,1
92,0,1,0,0,1,0,0,0,0,0,1,1,0,1
93,0,1,0,0,0,0,0,0,0,1,1,1,0,1
94,0,0,1,1,1,0,1,1,0,0,0,0,0,1
95,0,0,0,0,0,0,0,1,0,0,0,1,0,1
96,0,1,0,0,1,0,0,1,1,1,0,0,1,0
97,0,1,0,0,1,0,0,0,1,1,1,1,0,1
98,0,1,1,1,1,0,1,0,1,1,1,1,0,1
99,0,1,0,0,0,0,1,0,0,0,1,0,0,0
100,0,1,1,1,1,0,1,1,0,0,0,1,0,0
101,0,1,0,0,0,0,1,0,0,0,1,0,0,0
102,0,0,0,0,0,0,1,0,1,1,1,1,0,0
103,0,1,1,1,1,0,1,1,1,1,0,0,0,0
104,0,1,0,0,1,0,1,0,1,1,1,0,0,1
105,0,1,1,1,1,0,1,0,1,1,0,1,0,1
106,0,1,0,0,0,0,1,0,0,0,0,1,0,1
107,0,0,1,1,0,0,0,0,1,1,1,1,1,0
108,0,0,0,0,1,0,1,1,0,0,0,1,0,0
109,0,0,1,0,0,0,0,0,1,0,1,1,1,0
110,1,1,1,1,1,0,1,1,1,1,1,1,0,1
111,0,0,0,0,0,0,0,0,0,0,1,1,0,0
112,0,0,0,0,1,0,0,0,0,0,1,1,1,0
113,0,0,0,0,1,0,0,0,0,0,0,0,1,1
114,0,1,0,0,1,0,0,0,0,0,1,0,0,1
115,0,1,0,0,0,0,0,0,0,0,0,0,0,0
116,1,1,1,0,1,0,1,0,1,1,0,1,0,1
117,0,0,1,1,0,1,1,0,0,0,1,1,0,0
118,0,0,0,0,1,0,0,0,0,1,1,1,0,0
119,0,1,0,0,1,0,1,1,0,0,1,1,1,1
120,0,1,1,1,1,0,1,1,0,0,0,1,0,1
121,0,1,0,0,0,0,1,0,1,1,0,1,0,0
122,1,0,0,0,1,0,0,0,1,1,1,1,1,1
123,1,0,1,1,0,0,1,0,0,0,1,0,0,0
124,1,0,0,0,1,0,0,0,1,0,1,1,1,1
125,0,0,1,0,1,0,0,0,0,0,1,0,1,0
126,0,1,0,0,1,0,0,1,1,1,0,1,1,1
127,0,0,1,0,1,0,0,0,0,0,0,0,0,1
128,0,0,1,1,0,1,0,0,1,1,0,0,0,1
129,0,1,0,0,1,0,0,0,0,0,0,0,0,1
130,0,1,1,1,1,0,0,1,0,0,1,0,0,0
131,0,1,1,0,1,1,1,0,0,0,1,0,1,1
132,1,1,0,0,1,0,1,0,1,1,0,1,0,0
133,0,0,1,1,0,0,1,0,0,0,0,1,1,0
134,0,1,1,1,1,0,1,1,1,1,0,0,1,1
135,0,0,0,0,0,0,0,0,1,1,1,1,0,0
136,0,1,0,0,0,0,1,0,1,1,1,0,1,0
137,0,0,0,0,0,0,0,0,0,1,1,1,0,0
138,1,1,0,0,1,0,1,1,0,0,0,0,0,0
139,0,0,0,0,0,0,0,0,0,0,0,0,1,1
140,0,1,0,0,1,0,0,1,0,0,1,0,0,1
141,0,0,0,0,0,0,1,0,0,0,0,1,0,1
142,0,1,1,0,0,0,0,0,1,1,0,0,0,0
143,0,0,0,0,0,0,1,0,0,1,1,0,0,0
144,0,1,1,0,1,0,1,1,1,1,1,1,1,0
145,0,0,0,0,0,0,0,0,0,0,0,0,1,1
146,0,0,0,0,1,0,1,1,0,0,1,1,0,1
147,0,1,1,1,1,1,1,1,1,1,0,0,1,1
148,0,0,1,1,1,0,1,1,1,0,0,0,0,1
149,0,1,0,0,0,0,0,0,1,0,1,1,0,0
150,0,1,0,0,1,0,0,1,1,1,1,0,0,1
151,0,0,1,0,1,0,0,0,0,1,1,1,0,1
152,1,1,0,0,1,0,1,1,1,1,1,1,0,1
153,0,1,0,0,1,0,1,1,0,0,0,1,1,1
154,0,1,0,0,1,0,1,1,1,1,0,0,0,0
155,0,0,0,0,0,0,1,1,0,0,0,1,1,0
156,0,0,0,0,0,0,0,0,0,0,0,0,0,0
157,0,0,0,0,1,0,0,0,0,0,1,1,0,0
158,1,1,0,0,1,0,0,1,0,0,0,1,0,1
159,0,1,1,1,1,0,1,1,1,1,1,1,0,1
160,0,0,1,0,1,0,0,1,0,0,0,0,1,1
161,0,0,1,1,0,0,1,0,0,0,1,0,1,0
162,0,1,0,0,1,0,1,1,1,1,1,1,0,0
163,0,0,1,1,0,0,1,0,0,0,1,0,1,0
164,0,0,0,0,0,0,0,0,1,1,1,1,0,0
165,0,1,0,0,0,1,0,0,0,0,1,0,0,0
166,0,0,1,1,1,0,1,1,0,0,0,0,1,1
167,0,1,0,0,1,0,0,1,1,1,0,0,1,1
168,0,0,0,0,0,0,0,0,0,0,0,0,1,1
169,0,0,0,0,1,0,0,0,0,0,1,1,0,1
170,0,0,0,0,0,0,1,0,1,0,1,0,1,0
171,0,0,0,0,1,0,1,0,1,1,1,0,0,1
172,0,0,0,0,1,0,1,0,1,1,0,1,1,1
173,0,1,0,0,0,0,0,1,0,0,1,0,0,0
174,0,0,1,1,0,0,1,0,0,0,1,1,1,0
175,0,1,1,0,1,0,1,1,0,0,1,1,0,1
176,0,0,0,0,1,0,1,1,1,1,0,0,1,0
177,0,1,1,1,1,0,1,0,1,1,1,0,0,1
178,0,0,0,0,0,0,0,0,1,1,1,1,0,0
179,0,0,1,1,1,0,0,0,0,0,1,1,0,1
180,0,0,0,0,1,0,0,1,0,0,1,0,0,1
181,0,1,0,0,1,1,1,0,0,1,1,0,0,1
182,0,1,0,0,1,0,1,0,0,0,1,0,0,1
183,0,0,0,0,1,0,0,0,0,1,1,1,0,0
184,0,0,1,1,0,0,1,0,1,1,0,1,0,0
185,0,1,1,1,1,0,1,1,1,1,1,1,0,1
186,0,1,1,1,1,0,1,0,0,0,1,1,1,0
187,0,0,0,0,1,0,1,0,0,0,0,1,0,1
188,0,0,0,0,1,0,1,0,1,1,1,0,0,1
189,1,0,0,0,0,0,1,0,1,1,0,1,0,1
190,0,0,0,0,1,0,1,1,1,1,0,0,0,1
191,0,1,0,0,1,0,1,1,0,0,0,0,0,0
192,0,0,0,0,0,0,0,0,1,1,1,1,1,1
193,0,0,0,0,1,0,0,0,1,0,1,1,0,1
194,0,1,0,0,1,0,0,1,1,1,0,1,0,1
195,0,0,1,1,0,0,1,0,0,0,0,1,1,1
196,0,0,1,1,0,0,1,0,1,1,1,0,0,0
197,0,0,0,0,0,0,0,0,0,0,1,1,1,1
198,0,0,0,0,1,0,0,0,0,0,0,0,0,1
199,0,0,1,0,0,0,0,1,0,0,0,1,0,0
200,0,0,0,0,0,0,1,1,0,0,0,0,1,1
201,0,1,0,0,0,0,0,0,0,0,0,0,0,0
202,0,0,0,0,0,0,0,0,0,0,1,1,1,1
203,0,0,0,0,0,0,1,0,1,1,0,1,1,0
204,0,0,0,0,1,0,1,0,0,0,0,1,1,1
205,0,1,0,0,1,0,1,0,0,1,1,0,1,1
206,0,0,1,0,0,0,0,0,1,1,0,0,0,0
207,0,1,0,0,1,0,1,0,0,0,1,0,1,0
208,0,0,0,0,0,0,0,0,1,1,0,0,0,0
209,0,1,0,0,1,0,1,1,0,0,0,0,1,0
210,0,1,0,0,1,0,1,1,1,1,0,0,1,1
211,0,1,0,0,0,0,0,0,1,1,0,0,1,0
212,0,1,0,0,0,0,1,0,0,0,0,1,1,0
213,1,1,0,0,0,0,0,0,0,0,1,0,0,0
214,0,0,0,0,1,0,1,1,1,1,1,1,0,1
215,0,0,0,0,1,0,0,0,0,0,0,0,0,1
216,0,0,0,0,1,0,0,0,0,0,1,1,0,0
217,0,0,1,0,1,0,0,0,1,1,1,1,0,1
218,0,0,0,0,1,0,0,1,0,0,1,0,0,0
219,0,0,1,1,0,0,1,1,0,1,0,0,0,1
220,1,0,1,1,1,0,1,1,1,0,0,0,0,1
221,0,0,0,0,0,0,0,0,0,0,1,1,1,0
222,0,1,0,0,1,0,0,0,1,1,0,0,0,1
223,0,1,0,0,1,0,0,1,0,0,0,1,0,0
224,0,0,1,0,1,0,0,1,0,0,1,0,0,1
225,0,1,0,0,0,0,0,1,1,1,0,1,0,1
226,0,1,1,0,1,0,0,0,0,0,0,0,0,0
227,0,1,1,1,1,0,1,1,1,1,0,1,1,1
228,1,0,1,1,1,1,0,1,0,0,0,1,1,0
229,0,1,0,0,1,0,0,0,1,1,0,0,0,1
230,0,0,1,1,0,0,1,1,0,0,1,1,0,0
231,0,0,0,0,1,1,0,0,1,1,0,0,1,1
232,0,0,0,0,0,0,0,0,0,0,1,1,0,1
233,0,0,0,0,1,0,0,0,1,1,1,1,0,1
234,0,1,1,1,1,0,1,1,1,1,1,1,0,1
235,0,1,0,0,1,0,0,0,0,0,0,0,0,1
236,0,0,0,0,1,0,0,0,0,0,0,0,0,0
237,0,0,1,1,1,0,0,0,0,0,0,0,0,0
238,1,1,0,0,1,0,0,0,1,0,1,1,0,1
239,1,1,1,1,1,0,1,1,1,1,1,1,0,0
240,0,1,1,1,1,0,1,1,1,1,0,0,0,1
241,0,1,0,0,0,0,0,0,0,0,0,0,1,0
242,0,0,0,0,0,0,0,0,0,1,1,1,1,1
243,0,1,1,1,0,0,0,0,1,1,1,1,1,0
244,0,1,0,0,1,0,0,0,0,1,1,1,0,1
245,0,1,0,0,1,0,0,1,0,0,0,1,0,1
246,1,1,0,0,1,1,0,0,1,1,0,0,0,1
247,0,0,0,0,1,0,1,1,1,1,0,0,0,0
248,0,0,0,0,0,0,0,0,0,0,0,0,0,0
249,0,0,1,1,0,0,1,0,0,0,1,0,0,0
250,0,0,0,0,1,0,1,1,1,1,0,0,0,1
251,0,0,0,0,1,0,1,0,0,0,1,0,0,1
252,0,0,0,0,0,0,1,0,1,1,1,0,0,0
253,0,0,0,0,0,0,0,0,0,1,1,1,0,1
254,0,0,0,0,1,0,0,0,1,1,0,0,0,0
255,0,1,0,0,0,0,0,0,0,0,1,1,1,0
256,0,0,0,0,1,0,0,0,0,0,0,0,0,1
257,0,1,0,0,1,0,1,1,0,0,1,1,0,0
258,0,0,1,1,0,0,0,0,1,1,0,0,1,0
259,0,0,0,0,0,0,0,0,0,0,1,1,0,0
260,0,0,1,0,0,0,0,0,1,1,0,0,1,0
261,0,0,1,0,0,0,1,0,0,0,1,0,0,0
262,0,0,0,0,1,0,0,0,1,1,1,1,1,0
263,0,0,1,1,1,0,1,1,0,0,0,0,0,0
264,0,0,1,1,0,0,0,0,1,1,0,0,0,1
265,0,0,0,0,0,0,0,0,0,0,0,0,0,1
266,0,0,0,0,0,0,0,1,0,0,0,1,0,0
267,0,1,1,0,1,0,0,0,0,0,1,1,1,0
268,0,0,0,0,0,0,0,0,1,1,0,0,0,0
269,0,0,1,0,0,0,0,0,0,0,1,0,1,0
270,0,0,0,0,0,0,0,0,1,1,1,1,0,0
271,0,1,1,1,0,0,1,0,0,0,1,0,0,0
272,0,0,0,0,1,0,0,0,0,0,0,0,1,1
273,0,0,0,0,0,0,0,0,0,0,0,0,0,0
274,0,1,0,0,0,0,0,0,0,0,0,0,1,0
275,0,0,0,0,0,0,0,0,1,1,1,1,1,1
276,0,0,1,1,0,0,1,0,1,1,0,1,0,0
277,0,1,1,0,1,0,1,0,1,1,0,1,0,0
278,0,1,0,0,0,0,1,1,1,1,0,0,0,0
279,0,1,0,0,1,0,0,0,1,1,0,0,0,1
280,0,0,0,0,0,0,0,0,0,0,1,1,0,1
281,0,0,1,1,0,0,1,0,0,0,1,0,0,0
282,0,1,0,0,0,0,1,1,1,1,1,1,1,0
283,0,1,0,0,1,0,0,0,1,1,1,1,1,1
284,0,1,1,0,1,1,1,1,0,0,0,0,0,1
285,0,0,0,0,0,0,0,0,0,0,1,1,0,1
286,0,1,0,0,1,0,0,0,0,0,0,0,0,1
287,0,0,0,0,1,0,0,0,0,0,1,1,0,1
288,0,0,0,0,1,0,0,0,0,0,0,0,1,0
289,0,0,0,0,0,0,0,0,0,0,1,0,1,0
290,0,0,0,0,1,0,1,1,1,0,0,0,1,1
291,0,0,0,0,0,1,0,0,0,0,1,0,1,0
292,0,1,0,0,1,0,1,1,1,1,0,0,0,1
293,0,0,0,0,0,0,0,0,0,0,0,0,1,1
294,0,1,0,0,1,0,0,0,1,1,1,1,1,1
295,0,0,0,0,1,0,0,0,1,1,1,1,1,1
296,0,1,0,0,1,0,0,1,1,1,1,0,0,0
297,0,0,0,0,1,0,0,0,0,0,1,1,0,1
298,0,1,0,0,1,0,1,1,1,1,0,0,1,1
299,1,1,1,0,1,0,1,1,1,1,1,1,0,0
300,0,0,1,1,0,0,1,1,1,1,0,0,0,0
301,0,1,0,0,1,0,1,0,0,0,1,0,0,1
302,0,1,0,0,1,0,0,0,1,1,1,0,1,1
303,0,0,1,1,1,0,1,1,1,1,0,0,0,1
304,0,0,0,0,0,0,0,0,0,0,0,0,0,0
305,0,0,0,0,0,0,0,0,0,1,1,1,0,0
306,0,0,1,1,1,0,1,0,0,0,1,0,0,0
307,0,0,0,0,1,0,1,0,1,1,1,0,0,1
308,0,0,0,0,0,0,0,0,0,1,1,1,0,0
309,1,1,0,0,0,0,0,0,0,0,1,1,1,1
310,0,1,0,0,0,0,0,0,0,0,0,0,1,0
311,0,0,0,0,0,0,0,0,0,0,1,1,0,0
312,0,1,1,0,1,0,0,0,1,1,0,0,1,1
313,0,0,0,0,1,0,0,1,0,0,0,0,1,1
314,0,0,0,0,1,0,0,0,0,0,0,0,0,0
315,0,0,0,0,1,0,0,1,0,0,0,1,0,1
316,0,0,0,0,1,0,0,0,0,0,0,0,0,1
317,0,1,0,0,1,0,0,0,1,1,1,1,0,0
318,0,0,0,0,0,0,1,0,0,0,0,1,0,1
319,0,0,0,0,0,0,0,0,0,0,1,1,0,0
320,0,0,0,0,1,0,1,0,1,0,1,0,0,1
321,0,1,0,0,0,0,0,0,0,0,0,0,0,0
322,0,0,1,0,1,0,1,0,0,0,1,0,1,0
323,0,1,0,0,1,0,1,0,1,1,0,1,0,1
324,0,0,1,1,0,0,1,0,0,0,1,0,0,0
325,0,0,0,0,0,0,0,1,1,1,0,1,1,0
326,0,0,0,0,1,0,0,0,0,0,0,0,0,0
327,0,0,0,0,0,0,0,0,0,0,1,1,0,0
328,0,0,0,0,0,0,0,0,1,1,1,1,0,0
329,0,0,0,0,0,0,0,0,1,1,0,0,0,0
330,0,1,1,1,1,0,1,1,0,0,0,0,0,0
331,0,1,0,0,0,0,1,1,1,1,0,0,0,0
332,0,0,0,0,0,0,0,0,0,0,1,1,0,0
333,0,0,1,0,0,0,0,0,0,0,0,0,1,1
334,0,0,0,0,1,0,0,0,1,1,1,1,1,1
335,0,0,0,0,1,0,1,1,1,1,1,1,1,0
336,0,1,1,1,1,1,0,0,1,1,1,1,1,1
337,0,0,1,1,1,0,1,0,0,1,1,0,0,1
338,1,1,1,1,1,0,0,0,1,1,1,1,0,0
339,0,0,1,0,0,0,1,0,0,0,0,1,0,0
340,1,1,0,0,1,0,0,0,1,1,1,1,0,0
341,0,0,1,0,0,0,0,0,0,1,1,1,0,0
342,0,0,0,0,1,0,0,0,0,0,1,1,0,0
343,0,0,0,0,0,0,0,0,0,1,1,1,1,0
344,0,1,1,1,1,0,0,1,1,1,1,0,0,0
345,0,1,0,0,0,0,0,0,0,0,0,0,0,0
346,0,1,0,0,1,0,0,0,0,0,1,0,0,0
347,0,1,1,1,1,0,1,1,0,0,0,0,0,1
348,0,1,0,0,1,0,0,0,0,0,1,1,0,1
349,0,0,0,0,0,0,0,0,1,1,1,1,0,0
350,0,1,0,0,0,0,0,0,0,0,0,0,1,0
351,0,1,1,0,0,1,0,0,0,0,1,0,0,0
352,0,1,0,0,1,0,0,0,0,0,0,0,0,1
353,0,0,0,0,1,0,1,1,1,1,0,0,0,1
354,0,0,1,0,1,0,0,1,0,0,1,0,1,1
355,0,0,1,0,0,0,0,0,0,0,0,0,0,0
356,0,1,1,1,1,1,1,0,1,1,1,0,1,0
357,0,0,0,0,0,0,1,0,0,0,1,1,0,0
358,0,0,0,0,0,0,1,0,0,0,0,1,1,0
359,0,0,0,0,1,0,0,0,1,1,0,0,1,0
360,0,0,0,0,0,0,0,0,0,0,1,1,0,0
361,0,1,1,1,1,0,1,1,0,0,0,0,1,1
362,0,0,0,0,0,0,0,0,0,1,1,1,0,1
363,0,1,0,0,1,0,1,0,0,0,0,1,0,1
364,0,0,0,0,0,0,1,0,0,0,0,1,0,0
365,0,0,0,0,1,0,1,1,0,0,1,1,0,1
366,0,1,0,0,1,0,0,0,0,0,1,0,0,0
367,0,0,0,0,0,0,0,0,0,0,1,1,0,0
368,0,1,0,0,1,0,0,1,1,1,0,1,1,1
369,0,1,0,0,1,0,0,0,0,1,1,1,1,1
370,0,1,1,0,1,0,0,0,1,1,1,0,1,1
371,0,0,0,0,0,0,0,0,0,0,0,0,0,0
372,0,1,1,0,1,0,0,1,0,0,0,1,0,0
373,0,1,1,0,1,0,1,0,0,0,0,1,0,0
374,0,0,0,0,0,0,1,0,0,0,1,1,0,1
375,0,1,0,0,1,0,0,0,1,1,0,0,0,1
376,0,1,1,0,1,0,1,0,1,1,0,1,0,0
377,0,0,0,0,0,0,0,0,0,0,1,1,0,0
378,0,1,1,1,1,0,1,1,0,0,0,1,0,1
379,0,0,1,1,1,0,0,0,1,1,1,1,0,1
380,0,1,0,0,0,0,1,0,0,0,0,1,1,0
381,1,0,0,0,1,0,1,1,0,1,0,0,0,1
382,0,0,1,0,0,0,0,0,0,1,1,1,0,1
383,0,1,0,0,0,0,0,0,0,0,1,0,0,1
384,0,0,1,0,0,0,0,0,1,1,1,0,0,0
385,0,0,1,0,0,0,0,0,0,0,1,0,0,1
386,0,0,0,0,1,0,0,0,0,0,1,0,0,0
387,0,1,0,0,1,0,0,0,1,0,1,1,1,1
388,0,0,0,0,0,0,1,0,0,0,0,1,1,0
389,0,0,0,0,0,0,0,0,0,0,0,0,1,0
390,0,0,0,0,1,0,0,1,0,0,0,1,0,1
391,0,1,1,0,0,0,0,0,0,0,1,1,0,1
392,0,0,1,0,0,0,0,0,1,1,0,0,1,0
393,0,0,0,0,0,0,0,0,0,0,0,0,0,0
394,0,1,0,0,0,0,1,0,1,1,1,0,0,0
395,0,0,0,0,0,0,0,0,0,0,1,1,0,1
396,0,1,1,1,1,1,0,0,1,1,1,1,1,1
397,0,1,0,0,0,0,0,0,1,1,1,1,0,0
398,0,0,0,0,0,0,0,0,0,0,0,0,0,0
399,0,0,1,1,0,0,1,1,1,1,0,0,1,0
400,0,1,0,0,0,0,1,1,0,0,0,0,0,0
401,0,0,0,0,1,0,0,0,0,0,1,1,0,1
402,0,0,0,0,0,1,0,0,1,1,1,1,1,0
403,0,0,1,0,0,0,0,0,0,0,1,1,0,1
404,0,0,0,0,1,0,1,0,0,0,0,1,0,0
405,0,0,1,1,0,0,0,1,0,0,0,1,0,0
406,0,0,0,0,1,0,0,1,0,1,0,1,1,0
407,0,0,1,1,1,0,1,0,1,1,0,1,0,1
408,0,0,0,0,0,0,0,0,1,1,1,1,1,0
409,0,0,0,0,0,0,0,0,0,0,0,0,1,0
410,0,0,0,0,0,0,0,0,0,0,1,1,0,0
411,0,0,0,0,0,0,0,0,1,1,1,1,0,0
412,0,1,0,0,1,0,0,0,1,1,1,1,1,0
413,0,0,0,0,0,0,0,1,0,0,1,0,0,0
414,0,0,0,0,0,0,0,0,1,1,1,1,0,0
415,0,0,0,0,0,0,1,0,0,1,1,0,0,0
416,0,0,1,1,0,0,0,0,1,1,0,0,1,0
417,0,0,0,0,1,0,1,0,0,0,0,1,0,1
418,0,0,0,0,0,0,0,0,0,0,1,1,0,1
419,0,1,0,0,0,0,0,0,0,0,1,1,1,1
420,0,0,0,0,0,0,1,0,0,0,0,1,0,0
421,0,0,0,0,1,0,0,0,0,0,1,1,1,1
422,0,0,0,0,0,0,0,0,0,0,1,1,0,1
423,0,0,0,0,0,0,1,0,0,0,1,0,0,0
424,0,0,1,0,0,0,0,0,0,0,1,1,0,1
425,0,0,1,0,1,0,0,1,0,0,1,0,0,0
426,0,1,1,0,0,0,0,0,0,0,0,0,1,0
427,0,0,0,0,1,0,0,0,0,0,1,1,0,1
428,0,0,0,0,0,0,0,0,0,1,1,1,0,1
429,0,0,1,1,1,0,1,0,0,1,1,0,1,0
430,1,1,0,0,1,0,1,0,1,1,1,0,0,1
431,0,0,0,0,0,0,0,0,0,0,0,0,0,0
432,0,0,0,0,0,0,0,0,0,0,1,1,0,0
433,0,0,1,0,0,0,0,0,0,0,0,0,1,0
434,0,0,0,0,0,0,0,0,0,0,1,1,0,0
435,0,0,1,0,0,0,0,0,0,0,0,0,1,0
436,0,0,0,0,1,0,1,0,0,0,0,1,0,1
437,0,0,0,0,0,0,0,0,0,0,0,0,1,1
438,0,1,0,0,1,0,0,0,0,0,0,0,0,0
439,0,1,1,1,1,0,1,0,1,0,1,0,0,1
440,0,1,0,0,1,1,0,1,1,1,1,0,1,1
441,0,1,0,0,1,0,0,0,1,1,1,0,0,1
442,0,0,0,0,0,0,0,0,1,0,1,1,1,1
443,0,0,0,0,1,0,0,0,0,0,1,1,0,0
444,0,0,0,0,0,0,1,0,0,0,1,0,1,0
445,0,0,1,0,0,0,0,0,0,0,0,0,0,0
446,0,0,0,0,0,0,0,0,0,0,1,1,0,1
447,0,0,0,0,0,0,0,0,0,0,1,1,1,1
448,0,1,0,0,0,0,0,0,0,1,1,1,1,0
449,0,0,0,0,0,0,0,0,0,0,1,1,1,0
450,0,1,0,0,0,0,0,0,0,0,0,0,1,0
451,0,1,0,0,1,0,0,1,0,0,0,1,1,1
452,0,0,1,0,1,0,0,0,1,1,0,0,1,1
453,0,0,0,0,0,0,1,1,0,0,1,1,0,0
454,0,1,0,0,1,0,0,1,1,1,1,0,0,1
455,0,1,1,1,0,0,1,0,0,0,1,0,0,1
456,0,1,0,0,1,0,1,1,1,1,1,1,0,0
457,0,0,1,0,0,0,0,1,0,0,1,0,0,0
458,0,1,1,0,1,0,0,1,1,1,1,0,1,1
459,0,1,1,0,1,0,1,0,0,0,1,1,1,1
460,0,0,0,0,1,0,0,1,0,0,0,1,1,1
461,0,1,0,0,1,0,0,1,0,0,1,0,0,1
462,0,1,0,0,0,0,0,0,0,1,1,1,0,1
463,0,0,0,0,1,0,1,0,0,0,1,1,1,0
464,0,0,0,0,0,0,0,0,0,0,0,0,1,1
465,0,1,1,1,1,0,0,1,0,0,1,0,0,1
466,0,0,1,0,0,0,1,0,1,1,0,1,0,0
467,0,1,0,0,1,0,0,0,0,0,0,0,0,0
468,0,0,0,0,1,0,0,0,0,0,0,0,1,0
469,0,0,0,0,0,0,1,1,0,0,1,1,0,0
470,0,0,0,0,1,0,0,1,0,1,0,1,0,1
471,0,0,0,0,0,0,0,0,0,0,1,1,0,1
472,0,0,0,0,1,0,0,1,1,0,0,1,0,1
473,0,0,0,0,1,0,0,0,0,0,0,0,1,1
474,0,1,0,0,0,0,0,0,0,0,1,1,1,0
475,0,0,1,1,1,0,0,0,1,1,0,0,0,1
476,0,0,1,1,0,0,0,0,0,0,1,1,0,1
477,0,1,0,0,1,0,0,0,1,1,1,1,0,0
478,0,0,0,0,0,0,1,0,0,0,1,0,0,1
479,0,0,0,0,1,0,1,1,1,1,0,0,0,0
480,0,0,0,0,0,0,0,0,1,1,0,0,0,0
481,0,0,0,0,1,0,0,1,0,1,0,1,1,0
482,0,0,0,0,1,0,0,1,0,0,0,0,1,1
483,0,0,0,0,0,0,1,1,0,0,0,0,1,0
484,0,0,0,0,0,0,0,0,0,0,1,1,0,0
485,0,0,0,0,0,0,0,0,0,0,1,1,0,1
486,0,0,0,0,1,0,0,0,0,0,1,1,1,1
487,0,0,0,0,1,0,0,1,0,0,0,1,1,1
488,0,1,1,0,0,0,0,0,1,1,1,1,0,1
489,0,0,0,0,1,0,0,0,0,0,0,0,1,1
490,0,0,0,0,0,0,0,0,0,0,0,0,1,0
491,0,0,0,0,0,1,0,0,0,0,1,1,1,0
492,0,1,0,0,1,1,0,1,1,1,0,0,1,0
493,0,1,0,0,1,0,1,1,0,0,0,0,1,1
494,0,1,0,0,1,0,0,0,0,0,0,0,1,1
495,0,0,0,0,0,0,0,0,0,0,1,0,1,0
496,0,1,1,0,0,0,0,0,0,0,1,1,1,1
497,0,1,1,1,1,0,1,0,1,1,1,0,1,1
498,0,1,1,1,0,0,0,0,1,1,0,0,1,1
499,0,0,0,0,0,0,0,0,0,0,1,1,0,0
500,0,0,0,0,1,0,1,1,0,0,0,0,0,0
501,0,0,0,0,0,0,0,1,0,0,1,0,0,0
502,1,1,1,1,0,0,0,0,1,1,1,0,0,0
503,0,0,0,0,1,0,0,0,0,1,1,1,1,1
504,0,0,1,1,1,0,1,0,1,1,0,1,0,0
505,0,0,0,0,0,0,0,0,0,0,0,0,0,0
506,0,0,0,0,0,0,0,0,0,0,1,0,0,0
507,0,1,0,0,1,0,0,0,1,1,1,0,0,0
508,0,1,1,1,0,0,0,0,1,1,0,0,1,0
509,0,0,0,0,0,0,0,0,1,1,1,1,1,0
510,0,1,0,0,1,0,1,1,0,0,0,1,1,1
511,0,0,0,0,0,0,0,0,0,0,1,1,1,0
512,0,0,0,0,0,0,0,0,0,0,0,0,0,0
513,0,0,0,0,0,0,1,0,0,0,1,0,1,0
514,0,1,0,0,0,0,0,0,0,0,1,1,0,0
515,0,0,0,0,0,0,0,0,0,0,0,0,0,1
516,0,0,0,0,1,0,0,0,0,0,1,1,0,0
517,0,0,0,0,1,0,1,0,0,0,1,0,0,1
518,0,0,0,0,1,0,1,1,0,0,0,0,1,1
519,0,0,1,0,0,0,1,0,0,1,1,0,0,0
520,0,1,0,0,1,0,0,1,1,0,0,1,0,0
521,0,0,0,0,1,0,0,1,0,0,1,0,0,0
522,0,0,0,0,1,0,0,1,0,0,1,0,0,1
523,0,1,0,0,1,0,0,0,0,0,1,0,1,1
524,0,0,1,1,0,0,0,0,0,0,1,1,0,0
525,0,1,0,0,0,0,0,0,0,0,0,0,0,0
526,0,0,0,0,0,0,0,0,1,1,1,1,0,0
527,0,1,1,0,1,0,0,0,1,1,1,1,0,0
528,0,1,0,0,1,0,0,1,1,1,0,0,0,1
529,0,0,1,0,1,0,1,0,0,0,0,1,0,1
530,0,0,1,0,1,0,0,0,0,0,0,0,1,1
531,0,0,1,1,1,0,0,0,1,1,0,0,0,0
532,0,1,0,0,1,0,1,0,0,0,0,1,1,1
533,1,1,1,1,1,0,1,1,1,1,0,0,0,0
534,0,0,0,0,0,0,0,0,1,1,1,1,0,0
535,0,0,1,1,0,0,0,0,0,0,1,1,1,0
536,0,1,1,1,0,0,0,0,1,1,1,1,1,1
537,0,1,0,0,0,0,0,0,1,1,0,0,0,0
538,0,1,0,0,0,0,0,0,1,1,0,0,1,0
539,0,1,0,0,1,0,1,0,1,1,0,1,0,0
540,0,0,0,0,1,0,1,1,1,1,0,0,0,1
541,0,0,0,0,0,0,0,0,0,0,0,0,0,0
542,0,1,0,0,1,0,0,0,0,0,1,1,0,1
543,0,0,0,0,0,0,0,0,0,0,1,0,0,0
544,0,0,0,0,1,0,0,0,0,0,1,1,0,1
545,0,0,0,0,0,0,0,0,0,0,1,1,0,0
546,0,0,0,0,0,0,1,0,0,0,1,0,1,0
547,0,1,0,0,0,0,0,0,0,0,1,1,1,0
548,0,1,0,0,1,0,0,1,0,0,1,0,1,0
549,0,0,0,0,0,0,0,0,1,1,1,1,1,0
550,0,1,0,0,1,0,0,1,1,1,1,0,0,0
551,0,1,1,0,0,0,1,0,1,1,0,1,1,0
552,0,0,1,0,1,0,0,0,0,0,1,1,0,1
553,0,1,1,0,1,0,0,1,1,1,1,0,0,1
554,0,1,0,0,0,0,0,0,0,0,0,0,1,1
555,0,0,0,0,1,0,0,0,0,0,1,1,1,1
556,0,1,0,0,1,0,0,1,1,1,0,1,1,1
557,0,0,0,0,0,0,0,0,0,0,0,0,0,0
558,0,1,0,0,0,0,0,0,1,1,0,0,1,1
559,0,0,0,0,1,0,1,0,0,0,0,1,0,1
560,0,1,0,0,1,0,0,0,1,1,0,0,0,1
561,1,1,0,0,1,0,0,0,0,0,1,0,0,0
562,0,0,0,0,0,0,0,0,0,1,1,1,1,0
563,0,0,0,0,0,0,0,0,0,0,1,1,1,0
564,0,1,0,0,1,0,0,1,0,0,1,0,1,0
565,0,0,0,0,1,0,0,0,1,1,1,1,1,0
566,0,1,1,1,1,0,1,1,1,1,0,0,0,1
567,0,0,0,0,1,0,0,0,0,0,1,0,0,1
568,0,1,0,0,0,0,1,0,1,1,1,0,0,0
569,0,1,1,0,1,0,0,1,1,1,0,0,1,0
570,0,0,0,0,0,0,0,0,1,1,1,0,0,0
571,0,0,0,0,1,0,0,0,0,0,1,0,0,1
572,0,1,0,0,0,0,0,0,0,0,1,1,0,0
573,1,0,1,1,1,0,0,0,0,0,1,1,1,1
574,0,0,0,0,0,0,1,0,0,0,0,1,0,1
575,0,0,0,0,1,0,0,0,0,0,0,0,1,1
576,0,0,0,0,0,0,0,0,0,0,1,1,0,0
577,0,0,0,0,1,0,0,1,0,1,0,1,0,0
578,0,0,1,0,0,0,0,0,0,0,1,1,0,0
579,0,0,0,0,0,0,0,0,0,0,1,1,0,1
580,0,0,1,1,1,0,0,1,0,1,0,1,0,1
581,0,0,0,0,1,0,1,0,0,1,1,0,0,1
582,0,0,1,0,0,0,0,0,0,0,0,0,0,0
583,0,1,0,0,0,0,0,0,0,0,1,1,1,0
584,0,0,0,0,0,0,0,0,0,0,1,1,1,0
585,0,0,0,0,0,0,0,0,0,0,1,1,1,0
586,0,1,0,0,0,0,0,0,1,1,1,1,0,0
587,0,0,0,0,0,0,0,0,0,0,1,1,1,1
588,0,0,0,0,1,0,0,0,0,0,0,0,0,0
589,0,0,0,0,0,0,0,1,0,0,0,1,1,0
590,0,1,1,0,1,0,0,0,0,0,0,0,0,1
591,0,0,0,0,1,1,0,0,0,0,1,1,0,0
592,0,1,0,0,0,0,0,0,1,1,0,0,0,1
593,0,0,0,0,1,0,0,0,1,1,0,0,0,1
594,0,0,0,0,0,0,0,0,0,0,1,0,1,1
595,0,0,0,0,1,0,0,0,0,0,1,0,1,1
596,0,1,0,0,0,0,0,0,0,1,1,1,1,0
597,1,1,1,1,1,1,1,1,1,1,0,0,1,1
598,0,1,1,1,0,0,0,0,0,0,1,1,1,0
599,0,0,0,0,0,0,0,0,0,0,0,0,0,0
600,0,0,0,0,0,0,1,0,0,0,0,1,1,0
601,0,0,0,0,0,0,0,0,0,0,0,0,0,0
602,0,0,1,0,0,0,0,0,1,1,1,1,1,1
603,0,1,1,0,0,0,0,0,1,1,1,1,0,0
604,0,0,1,0,0,0,0,0,0,1,1,1,1,0
605,0,0,0,0,1,0,0,0,0,0,0,0,0,1
606,0,0,0,0,1,0,0,0,0,0,0,0,0,1
607,0,0,0,0,0,0,0,0,1,1,1,1,1,0
608,0,1,1,1,1,0,1,1,0,0,0,1,0,1
609,0,1,0,0,1,0,0,0,0,0,0,0,0,0
610,0,1,0,0,1,1,0,0,1,1,0,0,0,0
611,1,1,1,0,0,0,0,1,0,0,1,0,0,0
612,0,0,0,0,1,0,1,1,1,0,0,0,0,1
613,1,1,0,0,0,0,0,0,1,0,1,1,1,0
614,0,1,1,0,0,0,0,0,0,0,1,1,0,0
615,0,0,0,0,0,0,0,0,0,0,1,1,0,1
616,0,1,0,0,0,0,0,1,0,0,0,0,0,0
617,0,0,0,0,0,0,0,0,0,0,0,0,1,1
618,0,0,0,0,0,1,0,0,1,1,0,0,1,0
619,0,1,0,0,0,1,0,0,0,0,0,0,0,1
620,0,0,0,0,0,0,0,1,0,0,0,1,0,0
621,1,0,0,0,1,0,1,1,1,1,1,1,1,0
622,0,0,0,0,0,0,0,0,0,0,0,0,0,0
623,0,0,0,0,0,0,0,0,1,1,1,1,1,0
624,0,0,0,0,1,0,0,0,0,0,1,1,0,1
625,1,1,0,0,1,0,0,1,0,0,0,1,0,0
626,0,0,0,0,0,0,0,0,0,0,1,0,1,1
627,0,1,0,0,1,0,0,0,1,1,0,0,0,1
628,0,0,0,0,0,1,0,0,0,0,0,0,0,0
629,0,0,0,0,0,0,0,0,1,0,1,1,0,1
630,0,0,0,0,0,0,0,0,0,0,1,1,1,0
631,0,0,0,0,0,0,1,0,0,0,1,1,0,1
632,0,0,0,0,0,0,0,0,0,0,0,0,1,0
633,0,1,1,0,1,0,1,1,1,1,0,0,0,0
634,0,1,0,0,0,0,0,0,1,1,0,0,0,0
635,0,0,1,1,1,0,0,0,0,1,1,1,1,1
636,0,0,0,0,1,0,0,0,1,1,0,0,0,1
637,0,1,0,0,0,0,0,0,0,0,0,0,1,0
638,0,1,0,0,0,0,0,0,0,1,1,1,0,0
639,0,0,0,0,0,0,0,0,1,1,1,0,0,1
640,0,1,1,0,0,0,0,0,0,0,0,0,0,0
641,0,1,0,0,1,0,1,0,1,1,1,0,0,0
642,0,0,1,0,1,0,0,0,0,0,1,1,0,0
643,0,0,0,0,0,0,0,0,0,0,1,1,1,0
644,0,1,0,0,0,0,0,0,1,1,0,0,0,1
645,0,0,0,0,0,0,0,0,1,1,1,1,0,0
646,0,1,1,1,0,1,1,0,1,1,0,1,1,1
647,0,0,0,0,0,0,0,0,1,1,1,1,0,0
648,0,0,0,0,0,0,0,0,0,0,1,0,0,0
649,0,1,1,0,1,0,1,0,1,1,1,0,0,1
650,0,0,1,0,0,0,0,0,0,0,1,1,1,0
651,0,1,0,0,1,0,1,0,1,1,0,1,0,1
652,0,0,0,0,1,0,0,0,0,0,1,1,0,1
653,0,0,0,0,0,0,0,0,1,1,0,0,0,0
654,0,0,0,0,0,0,0,0,0,0,0,0,0,1
655,0,0,0,0,0,0,0,0,0,0,0,0,0,1
656,0,0,1,0,0,0,0,0,0,0,1,1,0,0
657,0,1,0,0,0,0,0,0,1,1,0,0,1,0
658,0,1,0,0,1,0,1,1,0,0,1,1,1,1
659,0,0,0,0,1,0,0,0,0,0,1,0,0,1
660,0,0,0,0,0,0,0,0,0,0,1,1,0,0
661,0,0,0,0,0,0,0,0,0,0,1,1,0,0
662,0,0,1,0,0,0,0,0,0,0,1,1,0,0
663,0,1,0,0,1,0,1,0,0,0,0,1,0,1
664,0,0,0,0,0,0,0,0,0,0,0,0,0,0
665,0,1,1,0,1,0,0,0,0,0,0,0,0,1
666,0,0,0,0,0,0,0,0,0,0,0,0,0,0
667,0,1,0,0,1,0,0,0,1,1,0,0,0,1
668,0,0,0,0,0,0,0,0,1,1,1,1,0,1
669,0,1,0,0,1,0,1,1,0,0,1,1,0,1
670,0,1,0,0,1,0,0,0,0,0,1,0,0,0
671,0,0,0,0,0,0,0,0,0,0,1,1,0,0
672,0,0,1,0,1,0,0,0,1,1,0,0,1,1
673,0,0,0,0,0,0,0,0,1,1,1,0,0,0
674,0,0,0,0,0,0,0,0,0,0,0,0,0,0
675,0,0,0,0,0,0,0,0,0,0,0,0,1,0
676,0,0,1,0,0,0,0,0,0,0,0,0,0,0
677,0,0,0,0,0,0,0,0,0,0,0,0,0,0
678,0,0,0,0,0,0,0,0,0,0,0,0,0,0
679,0,0,0,0,0,0,0,0,0,0,0,0,0,0
680,0,0,0,0,0,0,0,0,0,0,1,1,1,0
681,0,1,0,0,0,0,0,0,0,0,0,0,1,0
682,0,0,0,0,1,0,1,0,1,1,1,0,0,0
683,0,0,0,0,0,0,0,0,0,0,0,0,0,1
684,0,1,0,0,1,0,0,0,0,0,0,0,1,0
685,0,0,0,0,0,0,0,0,0,0,0,0,0,1
686,0,0,0,0,0,0,1,0,0,1,1,0,0,1
687,0,0,0,0,0,0,0,0,0,0,0,0,0,1
688,0,0,0,0,1,0,0,0,1,0,1,1,0,1
689,0,0,0,0,1,0,0,1,0,0,0,1,0,0
690,0,1,0,0,0,0,0,0,0,0,0,0,0,0
691,0,1,0,0,0,0,0,0,0,0,1,1,0,0
692,0,1,0,0,0,0,0,0,0,0,0,0,0,1
693,0,0,0,0,0,0,0,0,1,1,0,0,0,1
694,0,0,0,0,1,0,1,0,0,0,0,1,0,1
695,0,0,0,0,0,0,0,0,0,0,1,0,1,0
696,0,0,0,0,0,0,0,0,0,0,1,1,1,1
697,0,0,0,0,0,0,1,1,1,1,0,1,1,0
698,0,0,1,0,1,0,0,0,0,0,1,1,0,1
699,0,0,0,0,0,0,1,0,0,0,1,0,0,1
700,0,0,0,0,0,0,0,0,0,0,0,0,1,0
701,0,0,0,0,0,0,0,0,1,1,1,0,0,1
702,0,0,0,0,1,0,0,1,0,0,1,0,0,1
703,0,1,1,0,1,0,0,0,1,0,1,1,0,1
704,0,0,0,0,1,0,0,0,0,0,1,1,0,1
705,1,1,0,0,1,1,0,0,1,1,1,0,1,1
706,0,0,0,0,0,0,0,0,0,0,0,0,0,0
707,0,1,0,0,0,0,0,0,0,0,1,1,0,0
708,0,0,1,0,0,0,0,0,1,1,1,1,0,0
709,0,0,0,0,0,0,0,0,0,0,0,0,0,0
710,0,0,0,0,0,0,0,0,0,0,0,0,0,0
711,0,0,1,0,0,0,0,0,0,0,1,1,1,1
712,0,1,0,0,1,0,0,1,0,0,0,1,0,1
713,0,0,0,0,0,0,0,0,0,0,0,0,0,0
714,0,0,0,0,1,0,0,1,0,0,0,1,1,1
715,0,0,0,0,0,0,0,0,0,0,1,1,0,1
716,0,0,0,0,0,0,0,0,0,0,1,1,0,1
717,0,0,1,0,0,0,0,0,1,1,0,0,0,1
718,0,0,0,0,0,0,0,0,0,0,1,1,1,1
719,0,0,0,0,1,0,0,0,0,0,0,0,1,1
720,0,0,0,0,0,0,0,0,0,0,1,1,0,1
721,0,0,0,0,1,0,0,0,0,0,0,0,0,1
722,0,0,0,0,0,0,0,0,0,0,1,1,0,0
723,0,1,0,0,0,0,0,0,0,0,1,1,0,0
724,0,1,0,0,0,0,0,0,1,1,1,1,1,0
725,0,0,0,0,0,0,0,0,0,0,1,0,0,1
726,0,0,0,0,1,0,0,0,0,1,1,1,1,1
727,1,1,1,0,1,0,1,0,1,1,1,1,1,1
728,0,1,0,0,0,0,0,0,1,1,1,0,1,0
729,0,0,1,0,0,0,0,0,0,0,0,0,0,0
730,0,0,0,0,0,0,0,0,0,0,1,1,0,1
731,0,0,0,0,0,0,0,0,0,0,1,0,0,0
732,0,0,1,0,0,0,0,0,0,0,0,0,0,0
733,0,0,0,0,0,0,0,0,1,1,1,1,1,0
734,0,0,0,0,0,0,1,0,0,1,1,0,0,1
735,0,0,0,0,0,0,0,0,0,0,0,0,0,0
736,0,0,0,0,0,0,0,0,0,1,1,1,1,0
737,0,0,0,0,0,0,0,0,0,0,1,1,0,0
738,0,1,0,0,0,0,0,0,0,0,1,1,1,0
739,0,0,0,0,0,0,1,0,0,0,0,1,1,0
740,0,0,1,1,0,0,1,0,1,0,1,0,1,1
741,0,0,1,1,0,0,0,0,0,0,1,1,0,0
742,0,0,1,1,1,0,1,0,0,0,1,1,0,0
743,1,0,1,0,0,0,0,0,1,1,1,1,0,0
744,0,1,0,0,0,0,0,0,1,1,1,0,0,0
745,0,0,1,0,0,0,0,0,0,0,0,0,0,0
746,0,1,0,0,1,0,0,0,1,0,1,1,0,1
747,0,0,0,0,0,0,0,0,0,0,0,0,0,0
748,0,0,0,0,0,0,0,0,0,0,0,0,0,0
749,0,0,0,0,0,0,1,0,1,1,1,0,0,1
750,0,0,0,0,0,0,0,0,0,0,0,0,0,0
751,0,0,0,0,0,0,0,0,0,0,1,1,0,0
752,0,0,0,0,1,0,0,1,0,0,1,0,0,1
753,0,0,0,0,0,0,0,0,0,1,1,1,0,0
754,0,1,1,0,0,0,0,0,1,1,1,1,0,0
755,0,0,0,0,0,0,0,0,0,0,0,0,1,1
756,0,0,0,0,0,0,0,0,0,0,0,0,0,0
757,0,1,0,0,0,0,0,0,0,0,1,1,0,0
758,1,0,0,0,0,1,0,0,0,0,0,0,0,1
759,0,1,1,1,0,0,1,0,1,1,1,0,1,0
760,0,1,0,0,0,0,0,1,0,0,1,0,0,0
761,0,1,0,0,1,0,0,1,1,1,0,1,0,1
762,0,1,0,0,1,1,0,1,1,1,0,0,1,1
763,0,0,0,0,0,0,0,0,0,0,1,1,0,0
764,0,0,0,0,0,0,0,0,0,0,0,0,0,0
765,0,0,0,0,0,0,0,0,0,0,0,0,0,0
766,1,0,1,1,0,0,0,0,0,0,1,0,0,0
767,0,0,1,1,1,0,0,1,0,0,0,1,0,1
768,0,1,0,0,0,0,0,0,0,0,0,0,0,0
769,0,0,0,0,0,1,0,0,1,1,0,0,1,0
770,0,1,0,0,0,0,0,1,1,1,1,0,0,0
771,0,0,0,0,0,0,0,0,0,0,0,0,0,0
772,0,0,0,0,0,0,0,1,0,0,0,1,0,0
773,0,1,0,0,1,0,1,0,1,0,1,0,0,0
774,0,0,0,0,0,0,0,0,0,0,0,0,0,0
775,0,0,1,0,1,0,0,1,1,0,0,1,0,1
776,0,0,0,0,0,0,0,0,0,0,0,0,1,1
777,0,0,1,0,0,0,0,0,0,0,0,0,0,0
778,0,1,0,0,1,0,0,1,0,0,0,1,0,1
779,0,0,0,0,0,0,0,0,0,0,0,0,0,1
780,0,1,0,0,0,0,0,0,0,0,1,1,1,0
781,0,0,0,0,0,0,0,0,1,1,0,0,0,1
782,0,0,0,0,0,0,1,1,0,0,0,0,0,0
783,0,0,0,0,0,0,0,0,1,0,1,1,0,0
784,0,1,1,0,1,0,0,1,0,0,0,1,0,0
785,0,0,0,0,0,0,0,0,0,0,1,0,0,0
786,0,0,0,0,0,0,0,0,1,1,0,0,0,0
787,0,1,0,0,1,0,0,0,1,1,0,0,0,0
788,0,1,0,0,1,0,0,0,0,0,1,1,0,1
789,0,1,1,0,0,0,1,0,1,1,0,1,0,0
790,0,0,0,0,0,0,0,0,1,1,0,0,1,1
791,0,0,0,0,0,0,0,0,0,1,1,1,0,0
792,0,0,0,0,0,0,0,0,0,0,1,1,0,0
793,0,0,0,0,0,0,0,1,0,1,0,1,0,0
794,0,0,1,0,0,0,0,0,0,0,1,1,0,1
795,0,0,0,0,1,0,1,1,1,1,0,0,0,0
796,0,0,1,0,0,0,0,0,0,0,1,1,0,0
797,0,0,0,0,1,0,0,0,1,1,0,0,1,1
798,0,1,0,0,0,0,0,0,0,0,0,0,0,0
799,0,1,0,0,0,0,0,0,0,0,1,1,1,1
800,0,1,0,0,0,0,1,1,0,1,0,0,0,0
801,0,0,0,0,1,0,0,0,0,0,0,0,0,0
802,0,0,0,0,0,0,0,0,0,0,0,0,0,1
803,0,0,0,0,1,0,0,0,0,0,0,0,1,1
804,0,1,0,0,1,0,0,1,0,0,1,0,0,1
805,0,0,0,0,0,0,0,0,0,0,1,1,0,0
806,0,1,0,0,0,0,0,1,0,0,0,1,0,0
807,0,0,0,0,0,0,0,0,0,0,1,1,0,0
808,0,0,0,0,0,0,0,0,0,0,0,0,0,0
809,0,0,0,0,0,0,0,0,0,0,1,1,1,0
810,0,0,0,0,0,0,0,0,0,0,1,0,0,0
811,0,0,0,0,0,0,1,0,0,0,0,1,0,1
812,0,0,0,0,0,0,0,0,1,1,0,0,0,1
813,0,1,1,0,0,0,0,0,0,0,0,0,0,0
814,0,0,0,0,0,0,0,0,1,1,1,1,0,0
815,0,0,0,0,1,0,0,0,1,1,1,1,1,0
816,0,0,0,0,0,0,0,0,1,1,0,0,1,1
817,0,0,0,0,0,0,0,0,0,1,1,1,0,1
818,0,0,1,0,0,0,0,0,0,0,1,1,1,1
819,0,0,0,0,1,0,0,0,0,0,1,1,0,1
820,0,0,0,0,1,0,0,0,1,1,1,1,0,1
821,0,0,0,0,1,0,0,0,1,1,0,0,1,1
822,0,0,0,0,0,0,0,0,0,0,1,0,0,0
823,0,1,0,0,0,0,0,0,1,1,1,1,0,1
824,0,0,1,0,1,0,0,0,0,0,1,0,1,1
825,1,0,1,1,0,0,0,0,1,1,0,0,0,0
826,0,1,1,1,0,0,0,0,0,0,1,1,0,1
827,0,0,0,0,0,0,0,0,0,0,0,0,0,0
828,0,0,1,0,1,0,0,0,0,0,1,1,0,0
829,0,0,0,0,0,0,0,0,0,0,1,0,0,0
830,0,1,0,0,1,0,0,1,0,0,1,0,1,1
831,0,0,0,0,1,0,1,1,0,0,1,1,0,1
832,0,0,0,0,0,0,1,0,0,0,1,0,0,0
833,0,0,0,0,1,0,0,0,0,0,0,0,1,1
834,0,0,1,0,0,0,0,0,0,0,0,0,0,1
835,0,1,1,0,1,0,0,0,1,1,1,0,0,0
836,0,1,0,0,0,0,0,0,0,0,1,1,0,0
837,0,1,0,0,0,1,1,0,0,0,0,1,1,0
838,0,0,0,0,0,0,0,0,1,1,1,1,1,1
839,0,1,0,0,1,0,1,1,1,1,1,1,0,0
840,0,0,0,0,1,0,0,1,0,0,1,0,0,1
841,0,1,1,0,1,0,0,0,0,0,1,1,0,1
842,0,0,0,0,1,0,0,0,0,0,1,0,0,0
843,0,1,0,0,1,0,0,1,0,1,0,1,1,1
844,0,0,0,0,0,0,0,0,0,0,1,1,1,0
845,0,0,1,0,1,0,0,0,0,0,1,1,0,1
846,0,1,1,0,0,0,0,0,0,0,0,0,0,1
847,0,0,0,0,0,0,0,0,0,0,0,0,0,0
848,0,1,1,0,1,0,0,0,1,1,1,1,0,1
849,0,0,0,0,1,0,0,0,0,0,0,0,0,0
850,0,1,1,0,1,0,0,0,1,0,1,1,0,0
851,0,0,0,0,1,0,0,0,0,0,1,1,0,1
852,0,0,0,0,0,0,0,0,0,0,0,0,1,0
853,0,0,1,1,0,0,0,0,1,0,1,1,0,0
854,0,0,0,0,0,0,0,0,1,1,1,1,0,0
855,0,1,0,0,0,0,0,0,0,0,0,0,0,0
856,0,0,0,0,1,0,0,0,0,0,1,1,1,1
857,0,1,0,0,0,1,0,0,1,1,0,0,0,1
858,0,0,1,1,1,0,1,1,1,1,1,1,0,1
859,0,0,0,0,0,0,0,0,0,0,1,1,0,0
860,0,1,0,0,1,0,0,1,1,1,0,1,0,1
861,0,0,0,0,0,0,0,0,0,1,1,1,0,0
862,0,0,0,0,0,0,0,0,0,0,1,1,0,0
863,0,1,1,0,0,1,0,0,1,1,1,1,0,0
864,0,1,0,0,1,0,0,0,0,0,1,1,0,1
865,0,0,0,0,0,0,0,0,0,0,0,0,0,0
866,1,0,1,0,0,0,1,1,1,1,0,1,0,0
867,0,0,0,0,0,0,0,0,0,0,1,1,0,1
868,0,1,0,0,1,0,0,0,1,1,0,0,1,0
869,0,0,0,0,0,0,0,0,0,0,0,0,1,0
870,0,1,0,0,0,1,0,0,0,0,0,0,1,0
871,0,0,0,0,0,0,0,0,0,0,1,0,0,1
872,0,0,0,0,1,0,0,1,0,0,0,1,1,1
873,0,1,0,0,0,0,0,0,0,0,1,1,0,1
874,0,0,0,0,0,0,0,0,0,0,1,0,1,1
875,0,0,0,0,1,0,0,0,0,0,0,0,0,1
876,0,0,0,0,1,0,0,0,0,0,1,1,1,1
877,0,0,0,0,1,0,0,0,0,0,1,0,0,1
878,0,0,0,0,0,0,1,0,0,0,1,0,0,0
879,0,1,0,0,0,1,0,0,0,1,1,1,1,0
880,0,1,0,0,0,0,0,0,0,0,0,0,1,1
881,0,0,0,0,1,0,0,0,0,0,0,0,0,1
882,0,0,0,0,0,0,0,0,0,0,1,0,1,1
883,0,0,0,0,0,0,0,0,0,0,0,0,1,0
884,0,0,0,0,0,0,0,1,0,0,0,1,1,1
885,0,1,0,0,1,0,0,0,0,0,1,1,0,0
886,0,0,0,0,0,0,0,0,0,0,1,1,1,0
887,0,1,0,0,0,0,0,0,0,0,1,1,0,0
888,0,0,0,0,0,0,0,0,0,0,1,1,0,0
889,0,0,0,0,0,0,0,0,0,0,1,0,0,1
890,1,1,1,1,0,0,0,0,1,1,0,0,1,0
891,0,1,0,0,0,0,0,0,1,1,0,0,0,0
892,0,0,0,0,0,0,0,0,0,0,0,0,0,1
893,0,0,1,1,0,0,1,1,0,0,0,0,1,0
894,0,1,0,0,0,0,0,0,0,0,1,1,0,0
895,0,0,0,0,0,0,0,0,0,0,0,0,1,0
896,0,0,0,0,1,0,0,1,0,0,1,0,0,1
897,0,1,1,0,0,0,0,0,0,0,0,0,0,1
898,0,0,0,0,1,0,0,0,0,0,1,1,0,0
899,0,1,0,0,0,0,0,0,1,1,1,1,0,1
900,0,0,0,0,0,0,0,0,0,0,1,0,1,0
901,0,0,0,0,0,0,0,0,0,0,1,1,0,1
902,0,0,0,0,0,0,0,0,0,1,1,1,0,0
903,0,0,1,0,0,0,0,1,0,0,0,1,1,0
904,0,0,1,0,0,0,0,0,0,0,0,0,0,1
905,0,1,0,0,0,0,0,0,0,1,1,1,0,1
906,0,1,0,0,0,0,0,0,0,0,1,1,0,1
907,0,1,1,1,0,0,0,0,1,0,1,1,0,1
908,0,0,0,0,0,0,0,0,1,1,1,1,0,0
909,0,1,0,0,0,0,0,0,0,0,1,1,0,0
910,0,0,0,0,1,0,0,0,1,1,1,1,0,0
911,0,0,1,1,0,0,0,1,0,0,1,0,1,0
912,0,0,0,0,0,0,0,0,0,1,1,1,0,1
913,0,0,1,1,1,0,0,0,1,1,0,0,0,0
914,0,1,0,0,0,0,0,0,0,0,1,0,0,0
915,0,0,0,0,1,0,1,1,0,0,1,1,0,0
916,0,0,0,0,0,0,0,0,0,0,1,1,0,0
917,0,0,0,0,0,0,0,0,0,1,1,1,0,0
918,0,1,0,0,1,0,0,1,1,1,0,1,0,0
919,0,1,0,0,0,0,0,0,0,0,0,0,0,0
920,0,0,0,0,0,0,0,0,0,0,0,0,0,1
921,0,0,1,0,1,0,0,0,0,0,1,0,0,1
922,0,0,1,0,0,0,0,0,1,1,0,0,0,0
923,0,0,0,0,0,0,0,0,0,0,0,0,1,0
924,0,0,0,0,0,0,0,0,1,1,0,0,0,1
925,0,1,0,0,0,0,0,0,1,1,1,1,0,0
926,0,1,0,0,0,0,0,0,1,1,1,0,0,0
927,0,0,0,0,0,0,1,1,0,1,0,0,0,1
928,0,0,0,0,0,0,1,0,1,1,1,0,0,0
929,0,1,1,1,0,0,0,1,0,0,1,0,0,1
930,0,0,0,0,1,0,0,0,0,0,0,0,0,1
931,0,0,0,0,0,0,0,0,0,0,0,0,0,0
932,0,0,0,0,0,1,0,0,0,0,0,0,1,1
933,0,1,0,0,1,0,0,0,1,1,1,1,0,1
934,0,0,0,0,0,0,0,0,0,0,1,1,0,1
935,0,0,0,0,0,0,0,1,0,0,1,0,0,0
936,0,0,0,0,0,0,0,0,0,0,1,1,0,0
937,0,0,0,0,1,0,0,0,1,1,1,1,0,0
938,0,0,0,0,0,0,0,0,1,1,1,0,0,0
939,0,0,0,0,0,0,0,0,1,1,1,1,1,0
940,0,0,0,0,0,0,0,0,0,0,1,0,0,0
941,0,0,0,0,0,0,0,0,0,0,0,0,1,1
942,0,0,1,1,0,0,0,0,0,0,0,0,0,0
943,0,0,0,0,1,0,0,0,0,0,1,0,0,1
944,0,0,0,0,0,0,1,1,0,0,1,1,0,0
945,0,1,0,0,1,0,1,0,0,0,0,1,0,1
946,0,0,1,1,1,0,0,1,1,1,0,0,0,1
947,0,0,0,0,1,0,0,0,0,0,0,0,0,1
948,0,0,0,0,0,0,0,0,1,1,1,1,1,1
949,0,1,0,0,0,0,0,0,0,0,0,0,0,0
950,0,0,0,0,0,0,0,0,0,0,1,1,0,0
951,0,1,0,0,1,0,0,0,0,0,1,1,1,1
952,0,1,0,0,0,0,0,0,1,1,1,1,0,0
953,0,0,0,0,0,0,0,0,0,0,1,0,0,0
954,0,0,0,0,0,0,0,0,0,0,0,0,0,1
955,0,0,0,0,1,0,0,0,0,0,1,0,0,1
956,0,1,0,0,0,0,0,0,0,0,0,0,0,0
957,1,0,0,0,0,0,0,0,0,0,0,0,1,1
958,0,0,0,0,0,0,0,0,1,1,0,0,1,0
959,0,0,1,0,0,0,0,0,1,1,0,0,0,0
960,0,0,0,0,0,0,0,0,0,0,1,1,1,0
961,0,0,0,0,0,0,0,0,1,1,1,1,1,0
962,0,1,1,0,0,0,0,0,0,0,0,0,0,0
963,0,0,1,1,0,0,1,1,0,0,0,0,0,0
964,0,1,0,0,0,0,0,0,0,0,0,0,0,0
965,0,0,0,0,0,0,0,0,0,0,0,0,0,0
966,0,0,1,0,0,0,0,0,0,0,0,0,1,0
967,1,0,0,0,0,0,0,0,1,1,1,0,0,1
968,0,0,0,0,0,0,0,0,0,0,0,0,1,0
969,0,0,0,0,0,0,0,0,1,1,0,0,0,0
970,0,0,0,0,0,0,0,0,0,0,0,0,0,0
971,0,0,0,0,0,0,0,0,0,0,0,0,0,0
972,0,0,0,0,0,0,0,0,0,0,1,0,0,1
973,0,0,0,0,0,0,0,0,0,0,0,0,0,1
974,0,0,0,0,0,0,0,0,0,0,1,1,0,0
975,0,0,0,0,0,0,0,1,0,1,0,1,0,1
976,0,1,0,0,0,0,0,0,0,0,1,1,0,0
977,0,0,1,1,0,0,0,0,1,1,0,0,0,1
978,0,0,0,0,0,0,0,0,0,0,1,1,0,0
979,0,0,0,0,0,0,0,1,1,0,0,1,0,0
980,0,0,0,0,0,0,0,0,0,0,0,0,1,0
981,0,0,1,0,0,0,1,0,1,1,0,1,0,0
982,0,0,0,0,0,0,0,0,0,0,0,0,1,0
983,0,0,1,1,0,0,1,1,0,0,0,0,0,0
984,0,0,1,1,0,0,0,0,0,0,0,0,0,0
985,0,1,0,0,0,0,0,1,0,0,0,1,0,0
986,0,0,0,0,1,0,0,0,0,0,0,0,0,1
987,1,1,0,0,1,0,0,0,1,0,1,1,0,0
988,0,0,1,0,0,0,0,1,1,1,1,0,1,0
989,0,0,0,0,0,0,0,0,0,0,1,1,0,0
990,0,0,0,0,0,0,0,0,1,1,1,1,0,0
991,1,0,1,0,0,0,0,0,1,1,0,0,0,1
992,0,0,0,0,0,0,0,0,0,0,0,0,1,1
993,0,0,0,0,0,0,0,0,0,0,0,0,1,0
994,0,0,0,0,1,0,0,1,1,1,1,0,0,1
995,0,1,0,0,0,0,0,0,1,1,1,1,0,0
996,0,0,0,0,0,0,0,0,0,0,0,0,0,0
997,0,0,0,0,0,0,0,0,0,0,1,1,0,0
998,0,1,1,1,1,0,0,1,0,0,1,0,1,1
999,1,1,0,0,1,0,0,0,1,1,0,0,1,1
1000,0,0,0,0,1,0,1,1,0,1,0,0,0,1
