OBS#,CHK_ACCT,duration,history,new_car,used_car,furniture,radio/tv,education,retraining,amount,SAV_ACCT,employment,install_rate,MALE_DIV,male_single,MALE_MAR_or_WID,CO-APPLICANT,guarantor,present_resident,real_estate,PROP_UNKN_NONE,age,other_install,rent,OWN_RES,num_credits,job,num_dependents,telephone,foreign,response
1,0,6,4,0,0,0,1,0,0,1169,4,4,4,0,1,0,0,0,4,1,0,67,0,0,1,2,2,1,1,0,1
2,1,48,2,0,0,0,1,0,0,5951,0,2,2,0,0,0,0,0,2,1,0,22,0,0,1,1,2,1,0,0,0
3,3,12,4,0,0,0,0,1,0,2096,0,3,2,0,1,0,0,0,3,1,0,49,0,0,1,1,1,2,0,0,1
4,0,42,2,0,0,1,0,0,0,7882,0,3,2,0,1,0,0,1,4,0,0,45,0,0,0,1,2,2,0,0,1
5,0,24,3,1,0,0,0,0,0,4870,0,2,3,0,1,0,0,0,4,0,1,53,0,0,0,2,2,2,0,0,0
6,3,36,2,0,0,0,0,1,0,9055,4,2,2,0,1,0,0,0,4,0,1,35,0,0,0,1,1,2,1,0,1
7,3,24,2,0,0,1,0,0,0,2835,2,4,3,0,1,0,0,0,4,0,0,53,0,0,1,1,2,1,0,0,1
8,1,36,2,0,1,0,0,0,0,6948,0,2,2,0,1,0,0,0,2,0,0,35,0,1,0,1,3,1,1,0,1
9,3,12,2,0,0,0,1,0,0,3059,3,3,2,1,0,0,0,0,4,1,0,61,0,0,1,1,1,1,0,0,1
10,1,30,4,1,0,0,0,0,0,5234,0,0,4,0,0,1,0,0,2,0,0,28,0,0,1,2,3,1,0,0,0
11,1,12,2,1,0,0,0,0,0,1295,0,1,3,0,0,0,0,0,1,0,0,25,0,1,0,1,2,1,0,0,0
12,0,48,2,0,0,0,0,0,1,4308,0,1,3,0,0,0,0,0,4,0,0,24,0,1,0,1,2,1,0,0,0
13,1,12,2,0,0,0,1,0,0,1567,0,2,1,0,0,0,0,0,1,0,0,22,0,0,1,1,2,1,1,0,1
14,0,24,4,1,0,0,0,0,0,1199,0,4,4,0,1,0,0,0,4,0,0,60,0,0,1,2,1,1,0,0,0
15,0,15,2,1,0,0,0,0,0,1403,0,2,2,0,0,0,0,0,4,0,0,28,0,1,0,1,2,1,0,0,1
16,0,24,2,0,0,0,1,0,0,1282,1,2,4,0,0,0,0,0,2,0,0,32,0,0,1,1,1,1,0,0,0
17,3,24,4,0,0,0,1,0,0,2424,4,4,4,0,1,0,0,0,4,0,0,53,0,0,1,2,2,1,0,0,1
18,0,30,0,0,0,0,0,0,1,8072,4,1,2,0,1,0,0,0,3,0,0,25,1,0,1,3,2,1,0,0,1
19,1,24,2,0,1,0,0,0,0,12579,0,4,4,0,0,0,0,0,2,0,1,44,0,0,0,1,3,1,1,0,0
20,3,24,2,0,0,0,1,0,0,3430,2,4,3,0,1,0,0,0,2,0,0,31,0,0,1,1,2,2,1,0,1
21,3,9,4,1,0,0,0,0,0,2134,0,2,4,0,1,0,0,0,4,0,0,48,0,0,1,3,2,1,1,0,1
22,0,6,2,0,0,0,1,0,0,2647,2,2,2,0,1,0,0,0,3,1,0,44,0,1,0,1,2,2,0,0,1
23,0,10,4,1,0,0,0,0,0,2241,0,1,1,0,1,0,0,0,3,1,0,48,0,1,0,2,1,2,0,1,1
24,1,12,4,0,1,0,0,0,0,1804,1,1,3,0,1,0,0,0,4,0,0,44,0,0,1,1,2,1,0,0,1
25,3,10,4,0,0,1,0,0,0,2069,4,2,2,0,0,1,0,0,1,0,0,26,0,0,1,2,2,1,0,1,1
26,0,6,2,0,0,1,0,0,0,1374,0,2,1,0,1,0,0,0,2,1,0,36,1,0,1,1,1,1,1,0,1
27,3,6,0,0,0,0,1,0,0,426,0,4,4,0,0,1,0,0,4,0,0,39,0,0,1,1,1,1,0,0,1
28,2,12,1,0,0,0,1,0,0,409,3,2,3,0,0,0,0,0,3,1,0,42,0,1,0,2,2,1,0,0,1
29,1,7,2,0,0,0,1,0,0,2415,0,2,3,0,1,0,0,1,2,1,0,34,0,0,1,1,2,1,0,0,1
30,0,60,3,0,0,0,0,0,1,6836,0,4,3,0,1,0,0,0,4,0,1,63,0,0,1,2,2,1,1,0,0
31,1,18,2,0,0,0,0,0,1,1913,3,1,3,0,0,1,0,0,3,1,0,36,1,0,1,1,2,1,1,0,1
32,0,24,2,0,0,1,0,0,0,4020,0,2,2,0,1,0,0,0,2,0,0,27,1,0,1,1,2,1,0,0,1
33,1,18,2,1,0,0,0,0,0,5866,1,2,2,0,1,0,0,0,2,0,0,30,0,0,1,2,2,1,1,0,1
34,3,12,4,0,0,0,0,0,1,1264,4,4,4,0,1,0,0,0,4,0,1,57,0,1,0,1,1,1,0,0,1
35,2,12,2,0,0,1,0,0,0,1474,0,1,4,0,0,0,0,0,1,0,0,33,1,0,1,1,3,1,1,0,1
36,1,45,4,0,0,0,1,0,0,4746,0,1,4,0,1,0,0,0,2,0,0,25,0,0,1,2,1,1,0,0,0
37,3,48,4,0,0,0,0,1,0,6110,0,2,1,0,1,0,0,0,3,0,1,31,1,0,0,1,2,1,1,0,1
38,2,18,2,0,0,0,1,0,0,2100,0,2,4,0,1,0,1,0,2,1,0,37,1,0,1,1,2,1,0,0,0
39,2,10,2,0,0,0,0,0,0,1225,0,2,2,0,1,0,0,0,2,0,0,37,0,0,1,1,2,1,1,0,1
40,1,9,2,0,0,0,1,0,0,458,0,2,4,0,1,0,0,0,3,1,0,24,0,0,1,1,2,1,0,0,1
41,3,30,2,0,0,0,1,0,0,2333,2,4,4,0,1,0,0,0,2,0,0,30,1,0,1,1,3,1,0,0,1
42,1,12,2,0,0,0,1,0,0,1158,2,2,3,1,0,0,0,0,1,0,0,26,0,0,1,1,2,1,1,0,1
43,1,18,3,0,0,0,0,0,0,6204,0,2,2,0,1,0,0,0,4,1,0,44,0,0,1,1,1,2,1,0,1
44,0,30,4,0,1,0,0,0,0,6187,1,3,1,0,0,1,0,0,4,0,0,24,0,1,0,2,2,1,0,0,1
45,0,48,4,0,1,0,0,0,0,6143,0,4,4,0,0,0,0,0,4,0,1,58,1,0,0,2,1,1,0,0,0
46,3,11,4,1,0,0,0,0,0,1393,0,1,4,0,0,0,0,0,4,0,0,35,0,0,1,2,3,1,0,0,1
47,3,36,2,0,0,0,1,0,0,2299,2,4,4,0,1,0,0,0,4,0,0,39,0,0,1,1,2,1,0,0,1
48,0,6,2,0,1,0,0,0,0,1352,2,0,1,0,0,0,0,0,2,0,0,23,0,1,0,1,0,1,1,0,1
49,3,11,4,1,0,0,0,0,0,7228,0,2,1,0,1,0,0,0,4,0,0,39,0,0,1,2,1,1,0,0,1
50,3,12,2,0,0,0,1,0,0,2073,1,2,4,0,0,0,1,0,2,1,0,28,0,0,1,1,2,1,0,0,1
51,1,24,3,0,0,1,0,0,0,2333,4,1,4,0,1,0,0,0,2,0,0,29,1,0,1,1,1,1,0,0,1
52,1,27,3,0,1,0,0,0,0,5965,0,4,1,0,1,0,0,0,2,0,0,30,0,0,1,2,3,1,1,0,1
53,3,12,2,0,0,0,1,0,0,1262,0,2,3,0,1,0,0,0,2,0,0,25,0,0,1,1,2,1,0,0,1
54,3,18,2,0,1,0,0,0,0,3378,4,2,2,0,1,0,0,0,1,0,0,31,0,0,1,1,2,1,1,0,1
55,1,36,3,1,0,0,0,0,0,2225,0,4,4,0,1,0,0,0,4,0,1,57,1,0,0,2,2,1,1,0,0
56,3,6,1,1,0,0,0,0,0,783,4,2,1,0,1,0,0,1,2,1,0,26,1,0,1,1,1,2,0,0,1
57,1,12,2,0,0,0,1,0,0,6468,4,0,2,0,1,0,0,0,1,0,1,52,0,0,1,1,3,1,1,0,0
58,3,36,4,0,0,0,1,0,0,9566,0,2,2,0,0,0,0,0,2,0,0,31,1,0,1,2,2,1,0,0,1
59,2,18,2,1,0,0,0,0,0,1961,0,4,3,0,0,0,0,0,2,0,0,23,0,0,1,1,3,1,0,0,1
60,0,36,4,0,0,1,0,0,0,6229,0,1,4,0,0,0,1,0,4,0,1,23,0,1,0,2,1,1,1,0,0
61,1,9,2,0,0,0,0,0,1,1391,0,2,2,0,0,1,0,0,1,1,0,27,1,0,1,1,2,1,1,0,1
62,1,15,4,0,0,0,1,0,0,1537,4,4,4,0,1,0,0,1,4,1,0,50,0,0,1,2,2,1,1,0,1
63,1,36,0,0,0,0,0,0,1,1953,0,4,4,0,1,0,0,0,4,0,1,61,0,0,0,1,3,1,1,0,0
64,1,48,0,0,0,0,0,0,1,14421,0,2,2,0,1,0,0,0,2,0,0,25,0,0,1,1,2,1,1,0,0
65,3,24,2,0,0,0,1,0,0,3181,0,1,4,0,0,0,0,0,4,0,0,26,0,0,1,1,2,1,1,0,1
66,3,27,2,0,0,0,0,0,0,5190,4,4,4,0,1,0,0,0,4,0,0,48,0,0,1,4,2,2,1,0,1
67,3,12,2,0,0,0,1,0,0,2171,0,1,2,0,0,0,0,0,2,0,0,29,1,0,1,1,2,1,0,0,1
68,1,12,2,1,0,0,0,0,0,1007,3,2,4,0,0,1,0,0,1,1,0,22,0,0,1,1,2,1,0,0,1
69,3,36,2,0,0,0,0,1,0,1819,0,2,4,0,1,0,0,0,4,0,1,37,1,0,0,1,2,1,1,0,0
70,3,36,2,0,0,0,1,0,0,2394,4,2,4,0,0,0,0,0,4,0,0,25,0,0,1,1,2,1,0,0,1
71,3,36,2,0,1,0,0,0,0,8133,0,2,1,0,0,0,0,0,2,0,0,30,1,0,1,1,2,1,0,0,1
72,3,7,4,0,0,0,1,0,0,730,4,4,4,0,1,0,0,0,2,0,0,46,0,1,0,2,1,1,1,0,1
73,0,8,4,0,0,0,0,0,0,1164,0,4,3,0,1,0,0,0,4,0,1,51,1,0,0,2,3,2,1,0,1
74,1,42,4,0,0,0,0,0,1,5954,0,3,2,0,0,0,0,0,1,1,0,41,1,0,1,2,1,1,0,0,1
75,0,36,2,0,0,0,0,1,0,1977,4,4,4,0,1,0,0,0,4,0,1,40,0,0,1,1,3,1,1,0,0
76,0,12,4,0,1,0,0,0,0,1526,0,4,4,0,1,0,0,0,4,0,1,66,0,0,0,2,3,1,0,0,1
77,0,42,2,0,0,0,1,0,0,3965,0,1,4,0,1,0,0,0,3,0,0,34,0,0,1,1,2,1,0,0,0
78,1,11,3,0,0,0,1,0,0,4771,0,3,2,0,1,0,0,0,4,0,0,51,0,0,1,1,2,1,0,0,1
79,3,54,0,0,1,0,0,0,0,9436,4,2,2,0,1,0,0,0,2,0,0,39,0,0,1,1,1,2,0,0,1
80,1,30,2,0,0,1,0,0,0,3832,0,1,2,0,0,1,0,0,1,0,0,22,0,0,1,1,2,1,0,0,1
81,3,24,2,0,0,0,1,0,0,5943,4,1,1,0,0,0,0,0,1,0,0,44,0,0,1,2,2,1,1,0,0
82,3,15,2,0,0,0,1,0,0,1213,2,4,4,0,1,0,0,0,3,0,0,47,1,0,1,1,2,1,1,0,1
83,3,18,2,0,0,0,0,0,1,1568,1,2,3,0,0,0,0,0,4,0,0,24,0,1,0,1,1,1,0,0,1
84,0,24,2,0,0,0,0,0,0,1755,0,4,4,0,0,0,0,1,4,1,0,58,0,0,1,1,1,1,1,0,1
85,0,10,2,0,0,0,1,0,0,2315,0,4,3,0,1,0,0,0,4,1,0,52,0,0,1,1,1,1,0,0,1
86,3,12,4,0,0,0,0,0,1,1412,0,2,4,0,0,0,0,1,2,1,0,29,0,0,1,2,3,1,1,0,1
87,1,18,4,0,0,1,0,0,0,1295,0,1,4,0,0,0,0,0,1,0,0,27,0,0,1,2,2,1,0,0,1
88,1,36,2,0,0,0,0,1,0,12612,1,2,1,0,1,0,0,0,4,0,1,47,0,0,0,1,2,2,1,0,0
89,0,18,2,1,0,0,0,0,0,2249,1,3,4,0,1,0,0,0,3,0,0,30,0,0,1,1,3,2,1,0,1
90,0,12,0,0,0,0,0,0,0,1108,0,3,4,0,1,0,0,0,3,1,0,28,0,0,1,2,2,1,0,0,0
91,3,12,4,0,0,0,1,0,0,618,0,4,4,0,1,0,0,0,4,1,0,56,0,0,1,1,2,1,0,0,1
92,0,12,4,0,1,0,0,0,0,1409,0,4,4,0,1,0,0,0,3,1,0,54,0,0,1,1,2,1,0,0,1
93,3,12,4,0,0,0,1,0,0,797,4,4,4,0,0,0,0,0,3,0,0,33,1,0,1,1,1,2,0,0,0
94,2,24,4,0,0,1,0,0,0,3617,4,4,4,0,1,0,1,0,4,0,1,20,0,1,0,2,2,1,0,0,1
95,1,12,2,1,0,0,0,0,0,1318,3,4,4,0,1,0,0,0,4,1,0,54,0,0,1,1,2,1,1,0,1
96,1,54,0,0,0,0,0,0,1,15945,0,1,3,0,1,0,0,0,4,0,1,58,0,1,0,1,2,1,1,0,0
97,3,12,4,0,0,0,0,1,0,2012,4,3,4,0,0,0,0,0,2,0,0,61,0,0,1,1,2,1,0,0,1
98,1,18,2,0,0,0,0,0,1,2622,1,2,4,0,1,0,0,0,4,0,0,34,0,0,1,1,2,1,0,0,1
99,1,36,4,0,0,0,1,0,0,2337,0,4,4,0,1,0,0,0,4,1,0,36,0,0,1,1,2,1,0,0,1
100,1,20,3,0,1,0,0,0,0,7057,4,3,3,0,1,0,0,0,4,0,0,36,1,1,0,2,3,2,1,0,1
101,3,24,2,1,0,0,0,0,0,1469,1,4,4,0,0,1,0,0,4,1,0,41,0,1,0,1,1,1,0,0,1
102,1,36,2,0,0,0,1,0,0,2323,0,3,4,0,1,0,0,0,4,0,0,24,0,1,0,1,2,1,0,0,1
103,3,6,3,0,0,0,1,0,0,932,0,2,3,0,0,0,0,0,2,1,0,24,0,0,1,1,2,1,0,0,1
104,1,9,4,0,0,1,0,0,0,1919,0,3,4,0,1,0,0,0,3,0,0,35,0,1,0,1,2,1,1,0,1
105,3,12,2,0,1,0,0,0,0,2445,4,1,2,0,0,1,0,0,4,0,0,26,0,1,0,1,2,1,1,0,1
106,1,24,4,0,0,0,0,0,0,11938,0,2,2,0,1,0,1,0,3,0,0,39,0,0,1,2,3,2,1,0,0
107,3,18,1,1,0,0,0,0,0,6458,0,4,2,0,1,0,0,0,4,0,1,39,1,0,1,2,3,2,1,0,0
108,1,12,2,1,0,0,0,0,0,6078,0,3,2,0,1,0,0,0,2,0,0,32,0,0,1,1,2,1,0,0,1
109,0,24,2,0,0,1,0,0,0,7721,4,1,1,0,0,0,0,0,2,0,0,30,0,0,1,1,2,1,1,1,1
110,1,14,2,0,0,0,0,0,1,1410,2,4,1,0,0,1,0,0,2,1,0,35,0,0,1,1,2,1,1,0,1
111,1,6,3,0,0,0,0,0,1,1449,1,4,1,1,0,0,0,0,2,0,0,31,1,0,1,2,2,2,0,0,1
112,2,15,2,0,0,0,0,1,0,392,0,1,4,0,0,0,0,0,4,0,0,23,0,1,0,1,2,1,1,0,1
113,1,18,2,1,0,0,0,0,0,6260,0,3,3,0,1,0,0,0,3,1,0,28,0,1,0,1,1,1,0,0,1
114,3,36,4,1,0,0,0,0,0,7855,0,2,4,0,0,0,0,0,2,1,0,25,1,0,1,2,2,1,1,0,0
115,0,12,2,0,0,0,1,0,0,1680,2,4,3,0,0,1,0,0,1,1,0,35,0,0,1,1,2,1,0,0,1
116,3,48,4,0,0,0,1,0,0,3578,4,4,4,0,1,0,0,0,1,1,0,47,0,0,1,1,2,1,1,0,1
117,0,42,2,0,0,0,1,0,0,7174,4,3,4,0,0,0,0,0,3,0,0,30,0,0,1,1,3,1,1,0,0
118,0,10,4,0,0,1,0,0,0,2132,4,1,2,0,0,0,1,0,3,1,0,27,0,1,0,2,2,1,0,1,1
119,0,33,4,0,0,1,0,0,0,4281,2,2,1,0,0,0,0,0,4,0,0,23,0,0,1,2,2,1,0,0,0
120,1,12,4,1,0,0,0,0,0,2366,2,3,3,1,0,0,0,0,3,0,0,36,0,0,1,1,3,1,1,0,1
121,0,21,2,0,0,0,1,0,0,1835,0,2,3,0,0,0,0,0,2,1,0,25,0,0,1,2,2,1,1,0,0
122,3,24,4,0,1,0,0,0,0,3868,0,4,4,0,0,0,0,0,2,0,0,41,0,1,0,2,3,1,1,0,1
123,3,12,2,0,0,1,0,0,0,1768,0,2,3,0,1,0,0,0,2,1,0,24,0,1,0,1,1,1,0,0,1
124,2,10,4,1,0,0,0,0,0,781,0,4,4,0,1,0,0,0,4,0,1,63,0,0,0,2,2,1,1,0,1
125,1,18,2,0,0,1,0,0,0,1924,4,1,4,0,0,0,0,0,3,1,0,27,0,1,0,1,2,1,0,0,0
126,0,12,4,1,0,0,0,0,0,2121,0,2,4,0,1,0,0,0,2,0,0,30,0,0,1,2,2,1,0,0,1
127,0,12,2,0,0,0,1,0,0,701,0,2,4,0,0,1,0,0,2,1,0,40,0,0,1,1,1,1,0,0,1
128,1,12,2,0,0,0,0,0,0,639,0,2,4,0,1,0,0,0,2,0,0,30,0,0,1,1,2,1,0,0,0
129,1,12,4,0,1,0,0,0,0,1860,0,0,4,0,1,0,0,0,2,0,0,34,0,0,1,2,3,1,1,0,1
130,0,12,4,1,0,0,0,0,0,3499,0,2,3,0,0,0,1,0,2,1,0,29,0,0,1,2,2,1,0,0,0
131,1,48,2,1,0,0,0,0,0,8487,4,3,1,0,0,0,0,0,2,0,0,24,0,0,1,1,2,1,0,0,1
132,0,36,3,0,0,0,0,1,0,6887,0,2,4,0,1,0,0,0,3,0,0,29,1,0,1,1,2,1,1,0,0
133,3,15,2,0,0,1,0,0,0,2708,0,1,2,0,1,0,0,0,3,0,0,27,1,0,1,2,1,1,0,0,1
134,3,18,2,0,0,1,0,0,0,1984,0,2,4,0,1,0,0,0,4,0,1,47,1,0,0,2,2,1,0,0,1
135,3,60,2,0,0,0,1,0,0,10144,1,3,2,0,0,0,0,0,4,1,0,21,0,0,1,1,2,1,1,0,1
136,3,12,4,0,0,0,1,0,0,1240,4,4,4,0,0,0,0,0,2,1,0,38,0,0,1,2,2,1,1,0,1
137,3,27,3,0,1,0,0,0,0,8613,3,2,2,0,1,0,0,0,2,0,0,27,0,0,1,2,2,1,0,0,1
138,1,12,2,0,0,0,1,0,0,766,2,2,4,0,1,0,0,0,3,1,0,66,0,0,1,1,1,1,0,0,0
139,1,15,4,0,0,0,1,0,0,2728,4,3,4,0,1,0,0,1,2,1,0,35,1,0,1,3,2,1,1,0,1
140,2,12,2,0,0,0,1,0,0,1881,0,2,2,0,0,0,0,0,2,0,0,44,0,1,0,1,1,1,1,0,1
141,2,6,2,1,0,0,0,0,0,709,3,1,2,0,0,1,0,0,2,1,0,27,0,0,1,1,0,1,0,1,1
142,1,36,2,0,0,0,1,0,0,4795,0,1,4,0,0,0,0,0,1,0,1,30,0,0,1,1,3,1,1,0,1
143,0,27,2,0,0,0,1,0,0,3416,0,2,3,0,1,0,0,0,2,0,0,27,0,0,1,1,3,1,0,0,1
144,0,18,2,0,0,1,0,0,0,2462,0,2,2,0,1,0,0,0,2,0,0,22,0,0,1,1,2,1,0,0,0
145,3,21,4,0,0,1,0,0,0,2288,0,1,4,0,0,0,0,0,4,0,0,23,0,0,1,1,2,1,1,0,1
146,1,48,1,0,0,0,0,0,1,3566,1,3,4,0,1,0,0,0,2,0,0,30,0,0,1,1,2,1,0,0,1
147,0,6,4,1,0,0,0,0,0,860,0,4,1,0,0,0,0,0,4,0,1,39,0,0,1,2,2,1,1,0,1
148,3,12,4,1,0,0,0,0,0,682,1,3,4,0,0,0,0,0,3,0,0,51,0,0,1,2,2,1,1,0,1
149,0,36,4,0,0,1,0,0,0,5371,0,2,3,0,1,0,0,1,2,0,0,28,0,0,1,2,2,1,0,0,1
150,3,18,4,0,0,0,1,0,0,1582,3,4,4,0,1,0,0,0,4,0,0,46,0,0,1,2,2,1,0,0,1
151,3,6,2,0,0,0,1,0,0,1346,1,4,2,0,1,0,0,0,4,0,1,42,1,0,0,1,2,2,1,0,1
152,3,10,2,0,0,0,1,0,0,1924,0,2,1,0,1,0,0,0,4,0,0,38,0,0,1,1,2,1,1,1,1
153,2,36,2,0,0,0,1,0,0,5848,0,2,4,0,1,0,0,0,1,0,0,24,0,0,1,1,2,1,0,0,1
154,1,24,4,0,1,0,0,0,0,7758,3,4,2,0,0,0,0,0,4,0,1,29,0,1,0,1,2,1,0,0,1
155,1,24,3,0,0,0,0,0,1,6967,1,3,4,0,1,0,0,0,4,0,0,36,0,1,0,1,3,1,1,0,1
156,0,12,2,0,0,1,0,0,0,1282,0,2,2,0,0,0,0,0,4,0,0,20,0,1,0,1,2,1,0,0,0
157,0,9,4,0,0,0,0,0,0,1288,1,4,3,0,1,0,0,1,4,1,0,48,0,0,1,2,2,2,0,1,1
158,0,12,1,0,0,0,0,0,0,339,0,4,4,0,0,1,0,0,1,0,0,45,1,0,1,1,1,1,0,0,1
159,1,24,2,1,0,0,0,0,0,3512,1,3,2,0,1,0,0,0,3,0,0,38,1,0,1,2,2,1,1,0,1
160,3,6,4,0,0,0,1,0,0,1898,4,2,1,0,1,0,0,0,2,1,0,34,0,0,1,2,1,2,0,0,1
161,3,24,4,0,0,0,1,0,0,2872,1,4,3,0,1,0,0,0,4,1,0,36,0,0,1,1,2,2,1,0,1
162,3,18,4,1,0,0,0,0,0,1055,0,1,4,0,0,0,0,0,1,0,0,30,0,0,1,2,2,1,0,0,1
163,3,15,2,0,0,0,0,0,0,1262,2,3,4,0,1,0,0,0,3,0,0,36,0,0,1,2,2,1,1,0,1
164,1,10,2,1,0,0,0,0,0,7308,0,0,2,0,1,0,0,0,4,0,1,70,1,0,0,1,3,1,1,0,1
165,3,36,2,1,0,0,0,0,0,909,2,4,4,0,1,0,0,0,4,0,0,36,0,0,1,1,2,1,0,0,1
166,3,6,2,0,0,1,0,0,0,2978,2,2,1,0,1,0,0,0,2,0,0,32,0,0,1,1,2,1,1,0,1
167,0,18,2,0,0,1,0,0,0,1131,0,0,4,0,0,0,0,0,2,0,0,33,0,0,1,1,2,1,0,0,0
168,1,11,2,0,0,1,0,0,0,1577,3,1,4,0,0,0,0,0,1,1,0,20,0,0,1,1,2,1,0,0,1
169,3,24,2,0,0,1,0,0,0,3972,0,3,2,0,0,0,0,0,4,0,0,25,0,1,0,1,2,1,1,0,1
170,1,24,4,0,0,0,0,0,1,1935,0,4,4,1,0,0,0,0,4,1,0,31,0,0,1,2,2,1,1,0,0
171,0,15,0,1,0,0,0,0,0,950,0,4,4,0,1,0,0,0,3,0,0,33,0,1,0,2,2,2,0,0,0
172,3,12,2,0,0,1,0,0,0,763,0,2,4,0,0,0,0,0,1,1,0,26,0,0,1,1,2,1,1,0,1
173,1,24,3,0,0,1,0,0,0,2064,0,0,3,0,0,0,0,0,2,0,0,34,0,0,1,1,3,1,1,0,0
174,1,8,2,0,0,0,1,0,0,1414,0,2,4,0,1,0,0,1,2,1,0,33,0,0,1,1,2,1,0,1,1
175,0,21,3,0,0,0,0,1,0,3414,0,1,2,0,1,0,0,0,1,0,0,26,0,0,1,2,2,1,0,0,0
176,3,30,1,0,1,0,0,0,0,7485,4,0,4,0,0,0,0,0,1,1,0,53,1,0,1,1,3,1,1,0,0
177,0,12,2,0,0,1,0,0,0,2577,0,2,2,1,0,0,0,0,1,0,0,42,0,0,1,1,2,1,0,0,1
178,0,6,4,0,0,0,1,0,0,338,2,4,4,0,1,0,0,0,4,0,0,52,0,0,1,2,2,1,0,0,1
179,3,12,2,0,0,0,1,0,0,1963,0,3,4,0,1,0,0,0,2,0,0,31,0,1,0,2,3,2,1,0,1
180,0,21,4,1,0,0,0,0,0,571,0,4,4,0,1,0,0,0,4,1,0,65,0,0,1,2,2,1,0,0,1
181,3,36,3,0,0,0,0,0,1,9572,0,1,1,1,0,0,0,0,1,0,0,28,0,0,1,2,2,1,0,0,0
182,1,36,3,0,0,0,0,0,1,4455,0,2,2,1,0,0,0,0,2,1,0,30,1,0,1,2,3,1,1,0,0
183,0,21,1,1,0,0,0,0,0,1647,4,2,4,0,1,0,0,0,2,0,0,40,0,0,1,2,1,2,0,0,0
184,3,24,4,0,0,1,0,0,0,3777,3,2,4,0,1,0,0,0,4,1,0,50,0,0,1,1,2,1,1,0,1
185,1,18,4,1,0,0,0,0,0,884,0,4,4,0,1,0,0,0,4,0,0,36,1,0,1,1,2,2,1,0,0
186,3,15,4,0,0,0,1,0,0,1360,0,2,4,0,1,0,0,0,2,0,0,31,0,0,1,2,2,1,0,0,1
187,1,9,1,0,1,0,0,0,0,5129,0,4,2,0,0,0,0,0,4,0,1,74,1,0,0,1,3,2,1,0,0
188,1,16,4,1,0,0,0,0,0,1175,0,0,2,0,1,0,0,0,3,0,0,68,0,0,0,3,0,1,1,0,1
189,0,12,2,0,0,0,1,0,0,674,1,3,4,0,0,1,0,0,1,0,0,20,0,0,1,1,2,1,0,0,0
190,1,18,0,0,0,1,0,0,0,3244,0,2,1,0,0,0,0,0,4,0,0,33,1,0,1,2,2,1,1,0,1
191,3,24,2,0,0,0,0,0,1,4591,3,2,2,0,1,0,0,0,3,0,0,54,0,0,1,3,3,1,1,0,0
192,1,48,0,0,0,0,0,0,1,3844,1,3,4,0,1,0,0,0,4,0,1,34,0,0,0,1,1,2,0,0,0
193,1,27,2,0,0,0,0,0,1,3915,0,2,4,0,1,0,0,0,2,0,0,36,0,0,1,1,2,2,1,0,0
194,3,6,2,0,0,0,1,0,0,2108,0,3,2,0,0,1,0,0,2,1,0,29,0,1,0,1,2,1,0,0,1
195,1,45,2,0,0,0,1,0,0,3031,1,2,4,0,1,0,0,1,4,0,0,21,0,1,0,1,2,1,0,0,0
196,1,9,4,0,0,0,0,1,0,1501,0,4,2,0,0,0,0,0,3,0,0,34,0,0,1,2,3,1,1,0,0
197,3,6,4,0,0,0,1,0,0,1382,0,2,1,0,0,0,0,0,1,0,0,28,0,0,1,2,2,1,1,0,1
198,1,12,2,0,0,1,0,0,0,951,1,1,4,0,0,0,0,0,4,0,0,27,1,1,0,4,2,1,0,0,0
199,1,24,2,0,1,0,0,0,0,2760,4,4,4,0,1,0,0,0,4,0,1,36,1,0,0,1,2,1,1,0,1
200,1,18,3,0,0,1,0,0,0,4297,0,4,4,1,0,0,0,0,3,0,1,40,0,0,1,1,3,1,1,0,0
201,3,9,4,0,0,0,0,1,0,936,2,4,4,0,1,0,0,0,2,0,0,52,0,0,1,2,2,1,1,0,1
202,0,12,2,1,0,0,0,0,0,1168,0,2,4,0,0,1,0,0,3,1,0,27,0,0,1,1,1,1,0,0,1
203,3,27,3,0,0,0,0,0,1,5117,0,3,3,0,1,0,0,0,4,0,0,26,0,0,1,2,2,1,0,0,1
204,0,12,2,0,0,0,0,0,0,902,0,3,4,0,0,1,0,0,4,0,0,21,0,1,0,1,2,1,0,0,0
205,3,12,4,1,0,0,0,0,0,1495,0,4,4,0,1,0,0,0,1,1,0,38,0,0,1,2,1,2,0,0,1
206,0,30,4,0,1,0,0,0,0,10623,0,4,3,0,1,0,0,0,4,0,1,38,0,0,0,3,3,2,1,0,1
207,3,12,4,0,0,1,0,0,0,1935,0,4,4,0,1,0,0,0,4,1,0,43,0,0,1,3,2,1,1,0,1
208,1,12,4,0,0,0,0,0,0,1424,0,3,4,0,1,0,0,0,3,0,0,26,0,0,1,1,2,1,0,0,1
209,0,24,2,0,0,0,0,0,1,6568,0,2,2,0,0,1,0,0,2,0,0,21,1,0,1,1,1,1,0,0,1
210,3,12,2,0,1,0,0,0,0,1413,3,3,3,0,1,0,0,0,2,0,0,55,0,0,1,1,2,1,0,1,1
211,3,9,4,0,0,0,1,0,0,3074,4,2,1,0,1,0,0,0,2,1,0,33,0,0,1,2,2,2,0,0,1
212,3,36,2,0,0,0,1,0,0,3835,4,4,2,0,0,0,0,0,4,1,0,45,0,0,1,1,1,1,1,0,1
213,0,27,0,0,0,0,0,0,1,5293,0,0,2,0,1,0,0,0,4,0,0,50,1,0,1,2,2,1,1,0,0
214,2,30,3,0,0,0,0,0,1,1908,0,4,4,0,1,0,0,0,4,1,0,66,0,0,1,1,3,1,1,0,0
215,3,36,4,0,0,0,1,0,0,3342,4,4,4,0,1,0,0,0,2,0,0,51,0,0,1,1,2,1,1,0,1
216,1,6,4,0,0,0,0,0,0,932,4,3,1,0,0,0,0,0,3,0,0,39,0,0,1,2,1,1,0,0,1
217,0,18,0,0,0,0,0,0,1,3104,0,3,3,0,1,0,0,0,1,0,0,31,1,0,1,1,2,1,1,0,1
218,2,36,2,0,0,0,1,0,0,3913,0,2,2,0,1,0,0,0,2,1,0,23,0,0,1,1,2,1,1,0,1
219,0,24,2,0,0,1,0,0,0,3021,0,2,2,1,0,0,0,0,2,1,0,24,0,1,0,1,1,1,0,0,1
220,3,10,2,1,0,0,0,0,0,1364,0,2,2,0,0,0,0,0,4,0,0,64,0,0,1,1,2,1,1,0,1
221,1,12,2,0,0,0,1,0,0,625,0,1,4,0,0,1,0,1,1,1,0,26,1,0,1,1,1,1,0,0,1
222,0,12,2,0,0,0,0,1,0,1200,4,2,4,0,0,0,0,0,4,0,0,23,1,1,0,1,2,1,1,0,1
223,3,12,2,0,0,0,1,0,0,707,0,2,4,0,1,0,0,0,2,1,0,30,1,0,1,2,2,1,0,0,1
224,3,24,3,0,0,0,0,0,1,2978,4,2,4,0,1,0,0,0,4,1,0,32,0,0,1,2,2,2,1,0,1
225,3,15,2,0,1,0,0,0,0,4657,0,2,3,0,1,0,0,0,2,0,0,30,0,0,1,1,2,1,1,0,1
226,3,36,0,0,0,0,0,0,0,2613,0,2,4,0,1,0,0,0,2,0,0,27,0,0,1,2,2,1,0,0,1
227,1,48,2,0,0,0,1,0,0,10961,3,3,1,0,1,0,1,0,2,0,1,27,1,0,1,2,2,1,1,0,0
228,0,12,2,0,0,1,0,0,0,7865,0,4,4,0,1,0,0,0,4,0,1,53,0,0,0,1,3,1,1,0,0
229,3,9,2,0,0,0,1,0,0,1478,0,3,4,0,1,0,0,0,2,0,0,22,0,0,1,1,2,1,0,0,0
230,0,24,2,0,0,1,0,0,0,3149,0,1,4,0,1,0,0,0,1,0,1,22,1,0,0,1,2,1,0,0,1
231,2,36,2,0,0,0,1,0,0,4210,0,2,4,0,1,0,0,0,2,0,0,26,0,0,1,1,2,1,0,0,0
232,3,9,2,1,0,0,0,0,0,2507,2,4,2,0,1,0,0,0,4,0,1,51,0,0,0,1,1,1,0,0,1
233,3,12,2,0,0,0,1,0,0,2141,1,3,3,0,1,0,0,0,1,0,1,35,0,0,1,1,2,1,0,0,1
234,1,18,2,0,0,0,1,0,0,866,0,2,4,0,0,1,0,1,2,1,0,25,0,0,1,1,1,1,0,0,1
235,3,4,4,0,0,0,1,0,0,1544,0,3,2,0,1,0,0,0,1,1,0,42,0,0,1,3,1,2,0,0,1
236,0,24,2,0,0,0,1,0,0,1823,0,0,4,0,1,0,0,0,2,0,0,30,1,0,1,1,3,2,0,0,0
237,1,6,2,1,0,0,0,0,0,14555,4,0,1,0,1,0,0,0,2,0,0,23,0,0,1,1,0,1,1,0,0
238,1,21,2,0,0,0,0,0,1,2767,1,4,4,1,0,0,0,0,2,0,0,61,1,1,0,2,1,1,0,0,0
239,3,12,4,0,0,0,1,0,0,1291,0,2,4,0,0,0,0,0,2,0,0,35,0,0,1,2,2,1,0,0,1
240,0,30,2,0,0,0,1,0,0,2522,0,4,1,0,1,0,0,1,3,0,0,39,0,0,1,1,2,2,0,0,1
241,0,24,2,1,0,0,0,0,0,915,4,4,4,0,0,0,0,0,2,0,0,29,1,0,1,1,2,1,0,0,0
242,3,6,2,0,0,0,1,0,0,1595,0,3,3,0,1,0,0,0,2,0,0,51,0,0,1,1,2,2,0,0,1
243,0,48,0,0,1,0,0,0,0,4605,0,4,3,0,1,0,0,0,4,0,1,24,0,0,0,2,2,2,0,0,0
244,3,12,4,0,0,0,0,0,1,1185,0,2,3,0,0,0,0,0,2,1,0,27,0,0,1,2,2,1,0,0,1
245,3,12,1,0,0,0,0,0,0,3447,2,2,4,0,0,0,0,0,3,1,0,35,0,0,1,1,1,2,0,0,1
246,3,24,2,0,0,0,0,0,1,1258,0,3,4,0,1,0,0,0,1,1,0,25,0,0,1,1,2,1,1,0,1
247,3,12,4,0,0,0,1,0,0,717,0,4,4,0,1,0,0,0,4,1,0,52,0,0,1,3,2,1,0,0,1
248,3,6,0,1,0,0,0,0,0,1204,1,2,4,0,1,0,0,0,1,0,1,35,1,1,0,1,2,1,0,1,1
249,2,24,2,0,0,1,0,0,0,1925,0,2,2,0,1,0,0,0,2,1,0,26,0,0,1,1,2,1,0,0,1
250,3,18,2,0,0,0,1,0,0,433,0,0,3,0,0,0,1,0,4,1,0,22,0,1,0,1,2,1,0,0,0
251,0,6,4,1,0,0,0,0,0,666,3,3,3,0,0,0,0,0,4,1,0,39,0,0,1,2,1,1,1,0,1
252,2,12,2,0,0,1,0,0,0,2251,0,2,1,0,0,0,0,0,2,0,0,46,0,0,1,1,1,1,0,0,1
253,1,30,2,1,0,0,0,0,0,2150,0,2,4,0,0,0,0,1,2,0,1,24,1,0,1,1,2,1,0,0,0
254,3,24,3,0,0,1,0,0,0,4151,1,2,2,0,1,0,0,0,3,0,0,35,0,0,1,2,2,1,0,0,1
255,1,9,2,0,0,1,0,0,0,2030,4,3,2,0,1,0,0,0,1,0,0,24,0,0,1,1,2,1,1,0,1
256,1,60,3,0,0,0,1,0,0,7418,4,2,1,0,1,0,0,0,1,1,0,27,0,0,1,1,1,1,0,0,1
257,3,24,4,0,0,0,1,0,0,2684,0,2,4,0,1,0,0,0,2,1,0,35,0,0,1,2,1,1,0,0,1
258,0,12,1,0,0,0,1,0,0,2149,0,2,4,1,0,0,0,0,1,0,1,29,0,0,0,1,2,1,0,0,0
259,3,15,2,0,1,0,0,0,0,3812,1,1,1,0,0,0,0,0,4,0,0,23,0,0,1,1,2,1,1,0,1
260,3,11,4,0,0,0,1,0,0,1154,1,0,4,0,0,0,0,0,4,1,0,57,0,0,1,3,1,1,0,0,1
261,0,12,2,0,0,1,0,0,0,1657,0,2,2,0,1,0,0,0,2,1,0,27,0,0,1,1,2,1,0,0,1
262,0,24,2,0,0,0,1,0,0,1603,0,4,4,0,0,0,0,0,4,0,0,55,0,0,1,1,2,1,0,0,1
263,0,18,4,1,0,0,0,0,0,5302,0,4,2,0,1,0,0,0,4,0,1,36,0,0,0,3,3,1,1,0,1
264,3,12,4,0,0,0,0,1,0,2748,0,4,2,0,0,0,0,0,4,0,1,57,1,0,0,3,1,1,0,0,1
265,3,10,4,1,0,0,0,0,0,1231,0,4,3,0,1,0,0,0,4,1,0,32,0,0,1,2,1,2,0,1,1
266,1,15,2,0,0,0,1,0,0,802,0,4,4,0,1,0,0,0,3,0,0,37,0,0,1,1,2,2,0,0,0
267,3,36,4,0,0,0,0,0,1,6304,4,4,4,0,1,0,0,0,4,1,0,36,0,0,1,2,2,1,0,0,1
268,3,24,2,0,0,0,1,0,0,1533,0,1,4,0,0,0,0,0,3,0,0,38,1,0,1,1,2,1,1,0,1
269,0,14,2,1,0,0,0,0,0,8978,0,4,1,1,0,0,0,0,4,0,0,45,0,0,1,1,3,1,1,1,0
270,3,24,2,0,0,0,1,0,0,999,4,4,4,0,1,0,0,0,2,0,0,25,0,0,1,2,2,1,0,0,1
271,3,18,2,1,0,0,0,0,0,2662,4,3,4,0,1,0,0,0,3,0,0,32,0,0,1,1,2,1,0,1,1
272,3,12,4,0,0,1,0,0,0,1402,2,3,3,0,0,0,0,0,4,0,0,37,0,1,0,1,2,1,1,0,1
273,1,48,1,1,0,0,0,0,0,12169,4,0,4,0,1,0,1,0,4,0,1,36,0,0,0,1,3,1,1,0,1
274,1,48,2,0,0,0,1,0,0,3060,0,3,4,0,1,0,0,0,4,1,0,28,0,0,1,2,2,1,0,0,0
275,0,30,2,0,0,0,0,0,0,11998,0,1,1,1,0,0,0,0,1,0,1,34,0,0,1,1,1,1,1,0,0
276,3,9,2,0,0,0,1,0,0,2697,0,2,1,0,1,0,0,0,2,1,0,32,0,0,1,1,2,2,0,0,1
277,3,18,4,0,0,0,1,0,0,2404,0,2,2,0,0,0,0,0,2,0,0,26,0,0,1,2,2,1,0,0,1
278,0,12,2,0,0,1,0,0,0,1262,4,4,2,1,0,0,0,0,4,0,0,49,0,0,1,1,1,1,1,0,1
279,3,6,2,0,0,1,0,0,0,4611,0,1,1,0,0,0,0,0,4,0,0,32,0,0,1,1,2,1,0,0,0
280,3,24,2,0,0,0,1,0,0,1901,1,2,4,0,1,0,0,0,4,0,0,29,0,1,0,1,3,1,1,0,1
281,3,15,4,0,1,0,0,0,0,3368,3,4,3,0,1,0,0,0,4,0,1,23,0,1,0,2,2,1,1,0,1
282,3,12,2,0,0,1,0,0,0,1574,0,2,4,0,1,0,0,0,2,1,0,50,0,0,1,1,2,1,0,0,1
283,2,18,1,0,0,0,1,0,0,1445,4,3,4,0,1,0,0,0,4,0,0,49,1,0,1,1,1,1,0,0,1
284,3,15,4,0,0,1,0,0,0,1520,4,4,4,0,1,0,0,0,4,0,0,63,0,0,1,1,2,1,0,0,1
285,1,24,4,1,0,0,0,0,0,3878,1,1,4,1,0,0,0,0,2,0,0,37,0,0,1,1,2,1,1,0,1
286,0,47,2,1,0,0,0,0,0,10722,0,1,1,0,0,0,0,0,1,1,0,35,0,0,1,1,1,1,1,0,1
287,0,48,2,0,1,0,0,0,0,4788,0,3,4,0,1,0,0,0,3,0,0,26,0,0,1,1,2,2,0,0,1
288,1,48,3,0,0,0,0,0,0,7582,1,0,2,0,1,0,0,0,4,0,1,31,0,0,0,1,3,1,1,0,1
289,1,12,2,0,0,0,1,0,0,1092,0,2,4,0,0,0,0,1,4,1,0,49,0,0,1,2,2,1,1,0,1
290,0,24,3,0,0,0,1,0,0,1024,0,1,4,0,0,1,0,0,4,1,0,48,1,0,1,1,2,1,0,0,0
291,3,12,2,0,0,0,0,0,1,1076,0,2,2,0,0,1,0,0,2,1,0,26,0,0,1,1,2,1,1,1,1
292,1,36,2,0,1,0,0,0,0,9398,0,1,1,0,0,1,0,0,4,0,0,28,0,1,0,1,3,1,1,0,0
293,0,24,4,0,1,0,0,0,0,6419,0,4,2,0,0,0,0,0,4,0,1,44,0,0,0,2,3,2,1,0,1
294,2,42,4,0,1,0,0,0,0,4796,0,4,4,0,1,0,0,0,4,0,1,56,0,0,0,1,2,1,0,0,1
295,3,48,4,0,0,0,0,0,1,7629,4,4,4,1,0,0,0,0,2,0,0,46,1,0,1,2,3,2,0,0,1
296,1,48,2,0,0,1,0,0,0,9960,0,1,1,0,0,0,0,0,2,0,0,26,0,0,1,1,2,1,1,0,0
297,3,12,2,0,1,0,0,0,0,4675,4,1,1,0,0,0,0,0,4,0,0,20,0,1,0,1,2,1,0,0,1
298,3,10,2,1,0,0,0,0,0,1287,4,4,4,0,1,0,1,0,2,0,0,45,0,0,1,1,1,1,0,1,1
299,3,18,2,0,0,1,0,0,0,2515,0,2,3,0,1,0,0,0,4,1,0,43,0,0,1,1,2,1,1,0,1
300,1,21,4,0,0,1,0,0,0,2745,3,3,3,0,1,0,0,0,2,0,0,32,0,0,1,2,2,1,1,0,1
301,3,6,2,1,0,0,0,0,0,672,0,0,1,0,0,0,0,0,4,1,0,54,0,0,1,1,0,1,1,0,1
302,1,36,0,0,0,0,1,0,0,3804,0,2,4,0,0,0,0,0,1,0,0,42,0,0,1,1,2,1,1,0,0
303,2,24,4,1,0,0,0,0,0,1344,4,3,4,0,1,0,0,0,2,1,0,37,1,0,1,2,1,2,0,0,0
304,0,10,4,1,0,0,0,0,0,1038,0,3,4,0,1,0,1,0,3,0,0,49,0,0,1,2,2,1,1,0,1
305,3,48,4,1,0,0,0,0,0,10127,2,2,2,0,1,0,0,0,2,0,1,44,1,0,0,1,2,1,0,0,0
306,3,6,2,0,0,1,0,0,0,1543,3,2,4,1,0,0,0,0,2,1,0,33,0,0,1,1,2,1,0,0,1
307,3,30,2,0,1,0,0,0,0,4811,4,3,2,0,0,0,0,0,4,0,0,24,1,1,0,1,1,1,0,0,1
308,0,12,2,0,0,0,1,0,0,727,1,1,4,0,0,1,0,0,3,0,1,33,0,0,1,1,1,1,1,0,0
309,1,8,2,0,0,1,0,0,0,1237,0,2,3,0,0,0,0,0,4,1,0,24,0,0,1,1,2,1,0,0,0
310,1,9,2,1,0,0,0,0,0,276,0,2,4,0,0,1,0,0,4,1,0,22,0,1,0,1,1,1,0,0,1
311,1,48,2,0,0,0,0,0,0,5381,4,0,3,0,1,0,0,0,4,0,1,40,1,0,0,1,0,1,1,0,1
312,3,24,2,0,0,1,0,0,0,5511,1,2,4,0,1,0,0,0,1,0,0,25,1,0,1,1,2,1,0,0,1
313,2,24,2,0,0,1,0,0,0,3749,0,1,2,0,0,0,0,0,4,0,0,26,0,0,1,1,2,1,0,0,1
314,1,12,2,1,0,0,0,0,0,685,0,3,2,0,0,1,0,0,3,0,0,25,1,0,1,1,1,1,0,0,0
315,2,4,2,1,0,0,0,0,0,1494,4,1,1,0,1,0,0,0,2,1,0,29,0,0,1,1,1,2,0,1,1
316,0,36,1,0,0,1,0,0,0,2746,0,4,4,0,1,0,0,0,4,0,0,31,1,0,1,1,2,1,0,0,0
317,0,12,2,0,0,1,0,0,0,708,0,2,2,0,1,0,0,1,3,0,0,38,0,0,1,1,1,2,0,0,1
318,1,24,2,0,0,1,0,0,0,4351,4,2,1,0,0,0,0,0,4,0,0,48,0,0,1,1,1,1,1,0,1
319,3,12,4,0,0,0,0,1,0,701,0,2,4,0,1,0,0,0,2,0,0,32,0,0,1,2,2,1,0,0,1
320,0,15,3,0,0,1,0,0,0,3643,0,4,1,0,0,0,0,0,4,0,0,27,0,0,1,2,1,1,0,0,1
321,1,30,4,1,0,0,0,0,0,4249,0,0,4,0,0,1,0,0,2,0,0,28,0,0,1,2,3,1,0,0,0
322,0,24,2,0,0,0,1,0,0,1938,0,1,4,1,0,0,0,0,3,0,0,32,0,0,1,1,2,1,0,0,0
323,0,24,2,0,1,0,0,0,0,2910,0,3,2,0,1,0,0,0,1,0,1,34,0,0,0,1,3,1,1,0,1
324,0,18,2,0,0,1,0,0,0,2659,3,2,4,0,1,0,0,0,2,0,0,28,0,0,1,1,2,1,0,0,1
325,3,18,4,1,0,0,0,0,0,1028,0,2,4,0,0,0,0,0,3,1,0,36,0,0,1,2,2,1,0,0,1
326,0,8,4,1,0,0,0,0,0,3398,0,3,1,0,1,0,0,0,4,1,0,39,0,0,1,2,1,1,0,1,1
327,3,12,4,0,0,1,0,0,0,5801,4,4,2,0,1,0,0,0,4,0,0,49,0,1,0,1,2,1,1,0,1
328,3,24,2,1,0,0,0,0,0,1525,3,3,4,0,0,0,0,0,3,0,0,34,0,0,1,1,2,2,1,0,1
329,2,36,2,0,0,0,1,0,0,4473,0,4,4,0,1,0,0,0,2,0,0,31,0,0,1,1,2,1,0,0,1
330,1,6,2,0,0,0,1,0,0,1068,0,4,4,0,1,0,0,0,4,0,0,28,0,0,1,1,2,2,0,0,1
331,0,24,4,0,1,0,0,0,0,6615,0,0,2,0,1,0,0,0,4,0,1,75,0,0,0,2,3,1,1,0,1
332,3,18,4,0,0,0,0,1,0,1864,1,2,4,0,0,0,0,0,2,1,0,30,0,0,1,2,2,1,0,0,0
333,1,60,2,1,0,0,0,0,0,7408,1,1,4,0,0,0,0,0,2,0,0,24,0,0,1,1,3,1,0,0,0
334,3,48,4,0,1,0,0,0,0,11590,1,2,2,0,0,0,0,0,4,0,0,24,1,1,0,2,1,1,0,0,0
335,0,24,0,0,0,1,0,0,0,4110,0,4,3,0,1,0,0,0,4,0,1,23,1,1,0,2,2,2,0,0,0
336,0,6,4,0,0,1,0,0,0,3384,0,2,1,1,0,0,0,0,4,1,0,44,0,1,0,1,3,1,1,0,0
337,1,13,2,0,0,0,1,0,0,2101,0,1,2,0,0,0,0,1,4,0,0,23,0,0,1,1,1,1,0,0,1
338,0,15,2,0,0,0,0,0,0,1275,4,2,4,0,0,0,0,0,2,0,0,24,0,1,0,1,2,1,0,0,0
339,0,24,2,0,0,1,0,0,0,4169,0,2,4,0,1,0,0,0,4,0,0,28,0,0,1,1,2,1,0,0,1
340,1,10,2,0,0,1,0,0,0,1521,0,2,4,1,0,0,0,0,2,0,0,31,0,0,1,1,1,1,0,0,1
341,1,24,4,0,0,0,0,1,0,5743,0,1,2,0,0,0,0,0,4,0,1,24,0,0,0,2,2,1,1,0,1
342,0,21,2,0,0,1,0,0,0,3599,0,3,1,0,0,0,0,0,4,0,0,26,0,1,0,1,1,1,0,0,1
343,1,18,2,0,0,0,1,0,0,3213,2,1,1,0,0,1,0,0,3,1,0,25,0,1,0,1,2,1,0,0,1
344,1,18,2,0,0,0,0,0,1,4439,0,4,1,0,1,0,1,0,1,1,0,33,1,0,1,1,3,1,1,0,1
345,2,10,2,1,0,0,0,0,0,3949,0,1,1,0,1,0,0,1,1,0,0,37,0,0,1,1,1,2,0,0,1
346,3,15,4,0,0,0,1,0,0,1459,0,2,4,0,0,0,0,0,2,0,0,43,0,0,1,1,1,1,0,0,1
347,1,13,4,0,0,0,1,0,0,882,0,1,4,0,1,0,0,1,4,1,0,23,0,0,1,2,2,1,0,0,1
348,1,24,2,0,0,0,1,0,0,3758,2,0,1,0,0,0,0,0,4,0,1,23,0,1,0,1,0,1,0,0,1
349,3,6,3,0,0,0,0,0,1,1743,1,2,1,0,1,0,0,0,2,1,0,34,0,0,1,2,1,1,0,0,1
350,1,9,4,0,0,0,0,1,0,1136,3,4,4,0,1,0,0,0,3,0,1,32,0,0,0,2,2,2,0,0,0
351,3,9,2,0,0,0,0,0,0,1236,0,1,1,0,0,0,0,0,4,1,0,23,0,1,0,1,2,1,1,0,1
352,1,9,2,0,0,1,0,0,0,959,0,2,1,0,0,0,0,0,2,0,0,29,0,0,1,1,2,1,0,1,0
353,3,18,4,0,1,0,0,0,0,3229,4,0,2,0,1,0,0,0,4,0,1,38,0,0,1,1,3,1,1,0,1
354,0,12,0,0,0,0,1,0,0,6199,0,2,4,0,1,0,0,0,2,0,0,28,0,1,0,2,2,1,1,0,0
355,3,10,2,0,0,0,0,1,0,727,2,4,4,0,1,0,0,0,4,0,1,46,0,0,0,1,2,1,1,0,1
356,1,24,2,1,0,0,0,0,0,1246,0,1,4,0,1,0,0,0,2,1,0,23,1,0,1,1,1,1,0,0,0
357,3,12,4,0,0,0,1,0,0,2331,4,4,1,0,1,0,1,0,4,1,0,49,0,0,1,1,2,1,1,0,1
358,3,36,3,0,0,0,1,0,0,4463,0,2,4,0,1,0,0,0,2,0,0,26,0,0,1,2,3,1,1,0,0
359,3,12,2,0,0,0,1,0,0,776,0,2,4,0,0,1,0,0,2,1,0,28,0,0,1,1,2,1,0,0,1
360,0,30,2,0,0,1,0,0,0,2406,0,3,4,0,0,0,0,0,4,1,0,23,0,1,0,1,2,1,0,0,0
361,1,18,2,0,0,0,0,1,0,1239,4,2,4,0,1,0,0,0,4,0,1,61,0,0,0,1,2,1,0,0,1
362,2,12,2,0,0,0,1,0,0,3399,4,4,2,0,1,0,0,0,3,0,0,37,0,0,1,1,3,1,0,0,1
363,2,12,3,1,0,0,0,0,0,2247,0,2,2,0,0,0,0,0,2,0,0,36,1,0,1,2,2,1,1,0,1
364,3,6,2,0,0,1,0,0,0,1766,0,2,1,0,0,1,0,0,2,0,0,21,0,1,0,1,2,1,0,0,1
365,0,18,2,0,0,1,0,0,0,2473,0,0,4,0,1,0,0,0,1,0,0,25,0,0,1,1,0,1,0,0,0
366,3,12,2,0,0,0,0,0,1,1542,0,3,2,0,1,0,0,0,4,0,0,36,0,0,1,1,2,1,1,0,1
367,3,18,4,0,1,0,0,0,0,3850,0,3,3,0,1,0,0,0,1,0,0,27,0,0,1,2,2,1,0,0,1
368,0,18,2,0,0,1,0,0,0,3650,0,1,1,0,0,0,0,0,4,0,0,22,0,1,0,1,2,1,0,0,1
369,0,36,2,0,0,1,0,0,0,3446,0,4,4,0,1,0,0,0,2,0,0,42,0,0,1,1,2,2,0,0,0
370,1,18,2,0,0,1,0,0,0,3001,0,3,2,0,0,0,0,0,4,1,0,40,0,1,0,1,2,1,0,0,1
371,3,36,2,1,0,0,0,0,0,3079,4,2,4,0,1,0,0,0,4,1,0,36,0,0,1,1,2,1,0,0,1
372,3,18,4,0,0,0,1,0,0,6070,0,4,3,0,1,0,0,0,4,0,0,33,0,0,1,2,2,1,1,0,1
373,3,10,4,0,0,1,0,0,0,2146,0,1,1,0,0,0,0,0,3,1,0,23,0,1,0,2,2,1,0,0,1
374,3,60,4,1,0,0,0,0,0,13756,4,4,2,0,1,0,0,0,4,0,1,63,1,0,0,1,3,1,1,0,1
375,1,60,1,0,0,0,0,0,0,14782,1,4,3,0,0,0,0,0,4,0,1,60,1,0,0,2,3,1,1,0,0
376,0,48,1,0,0,0,0,0,1,7685,0,3,2,0,0,0,0,1,4,0,0,37,0,1,0,1,2,1,0,0,0
377,3,18,3,0,0,0,1,0,0,2320,0,0,2,0,0,1,0,0,3,1,0,34,0,0,1,2,2,1,0,0,1
378,3,7,3,0,0,0,1,0,0,846,4,4,3,0,1,0,0,0,4,0,1,36,0,0,0,1,2,1,0,0,1
379,1,36,2,1,0,0,0,0,0,14318,0,4,4,0,1,0,0,0,2,0,1,57,0,0,0,1,3,1,1,0,0
380,3,6,4,1,0,0,0,0,0,362,1,2,4,0,0,0,0,0,4,0,0,52,0,0,1,2,1,1,0,0,1
381,0,20,2,0,0,1,0,0,0,2212,4,3,4,0,1,0,0,0,4,0,0,39,0,0,1,1,2,1,1,0,1
382,1,18,2,0,1,0,0,0,0,12976,0,0,3,0,0,0,0,0,4,0,1,38,0,0,0,1,3,1,1,0,0
383,3,22,2,1,0,0,0,0,0,1283,4,3,4,0,0,0,0,0,4,0,0,25,0,1,0,1,2,1,0,0,1
384,2,12,2,1,0,0,0,0,0,1330,0,1,4,0,1,0,0,0,1,1,0,26,0,0,1,1,2,1,0,0,1
385,3,30,3,0,0,0,0,0,1,4272,1,2,2,0,1,0,0,0,2,0,0,26,0,0,1,2,1,1,0,0,1
386,3,18,4,0,0,0,1,0,0,2238,0,2,2,0,0,0,0,0,1,0,0,25,0,0,1,2,2,1,0,0,1
387,3,18,2,0,0,0,1,0,0,1126,4,1,4,0,0,0,0,0,2,1,0,21,0,1,0,1,2,1,1,0,1
388,1,18,4,0,0,1,0,0,0,7374,0,0,4,0,1,0,0,0,4,0,0,40,1,0,1,2,3,1,1,0,1
389,1,15,4,0,0,0,0,0,1,2326,2,2,2,0,1,0,0,0,4,0,0,27,1,0,1,1,2,1,0,0,1
390,3,9,2,0,0,0,0,0,1,1449,0,3,3,0,0,0,0,0,2,0,0,27,0,0,1,2,2,1,0,0,1
391,3,18,2,1,0,0,0,0,0,1820,0,2,2,0,0,1,0,0,2,0,0,30,0,0,1,1,3,1,1,0,1
392,1,12,2,0,0,1,0,0,0,983,3,1,1,0,0,0,0,0,4,1,0,19,0,1,0,1,1,1,0,0,1
393,0,36,2,1,0,0,0,0,0,3249,0,3,2,0,1,0,0,0,4,0,1,39,1,0,0,1,3,2,1,0,1
394,0,6,4,0,0,0,1,0,0,1957,0,3,1,0,0,0,0,0,4,0,0,31,0,0,1,1,2,1,0,0,1
395,3,9,4,0,0,1,0,0,0,2406,0,0,2,0,1,0,0,0,3,0,0,31,0,0,1,1,3,1,0,0,1
396,1,39,3,0,0,0,0,1,0,11760,1,3,2,0,1,0,0,0,3,0,1,32,0,1,0,1,2,1,1,0,1
397,0,12,2,0,0,1,0,0,0,2578,0,0,3,0,0,0,0,0,4,0,1,55,0,0,0,1,3,1,0,0,1
398,0,36,4,0,0,1,0,0,0,2348,0,2,3,0,0,1,0,0,2,0,0,46,0,0,1,2,2,1,1,0,1
399,1,12,2,1,0,0,0,0,0,1223,0,4,1,1,0,0,0,0,1,1,0,46,0,1,0,2,2,1,0,0,0
400,3,24,4,0,0,0,1,0,0,1516,3,2,4,0,0,0,0,0,1,1,0,43,0,0,1,2,1,1,0,0,1
401,3,18,2,0,0,0,1,0,0,1473,0,1,3,0,0,1,0,0,4,1,0,39,0,0,1,1,2,1,1,0,1
402,1,18,4,0,0,0,0,0,1,1887,4,2,4,0,0,1,0,0,4,1,0,28,1,0,1,2,2,1,0,0,1
403,3,24,3,0,0,0,0,0,1,8648,0,1,2,0,1,0,0,0,2,0,0,27,1,0,1,2,2,1,1,0,0
404,3,14,3,1,0,0,0,0,0,802,0,2,4,0,1,0,0,0,2,0,0,27,0,0,1,2,1,1,0,0,1
405,1,18,3,1,0,0,0,0,0,2899,4,4,4,0,1,0,0,0,4,0,0,43,0,0,1,1,2,2,0,0,1
406,1,24,2,0,0,0,1,0,0,2039,0,1,1,0,0,1,0,0,1,0,0,22,0,0,1,1,2,1,1,0,0
407,3,24,4,0,1,0,0,0,0,2197,4,3,4,0,1,0,0,0,4,0,0,43,0,0,1,2,2,2,1,0,1
408,0,15,2,0,0,0,1,0,0,1053,0,1,4,0,0,1,0,0,2,1,0,27,0,0,1,1,2,1,0,1,1
409,3,24,2,0,0,0,1,0,0,3235,2,4,3,1,0,0,0,0,2,0,0,26,0,0,1,1,3,1,1,0,1
410,2,12,4,1,0,0,0,0,0,939,2,3,4,0,0,1,0,0,2,1,0,28,0,0,1,3,2,1,1,0,0
411,1,24,2,0,0,0,1,0,0,1967,0,4,4,0,0,0,0,0,4,0,0,20,0,0,1,1,2,1,1,0,1
412,3,33,4,0,1,0,0,0,0,7253,0,3,3,0,1,0,0,0,2,0,0,35,0,0,1,2,3,1,1,0,1
413,3,12,4,0,0,0,0,0,1,2292,0,0,4,0,1,0,0,0,2,0,0,42,1,0,1,2,3,1,1,0,0
414,3,10,2,1,0,0,0,0,0,1597,2,2,3,0,1,0,0,0,2,0,1,40,0,1,0,1,1,2,0,1,1
415,0,24,2,1,0,0,0,0,0,1381,4,2,4,0,0,0,0,0,2,0,0,35,0,0,1,1,2,1,0,0,0
416,3,36,4,0,1,0,0,0,0,5842,0,4,2,0,1,0,0,0,2,0,0,35,0,0,1,2,2,2,1,0,1
417,0,12,2,1,0,0,0,0,0,2579,0,1,4,0,1,0,0,0,1,1,0,33,0,0,1,1,1,2,0,0,0
418,0,18,3,0,0,0,0,1,0,8471,4,2,1,0,0,0,0,0,2,0,0,23,0,1,0,2,2,1,1,0,1
419,3,21,2,1,0,0,0,0,0,2782,2,3,1,0,0,0,0,0,2,0,0,31,1,0,1,1,3,1,0,0,1
420,1,18,2,1,0,0,0,0,0,1042,4,2,4,0,0,0,0,0,2,0,0,33,0,0,1,1,2,1,0,0,0
421,3,15,2,1,0,0,0,0,0,3186,3,3,2,0,0,0,0,0,3,0,0,20,0,1,0,1,2,1,0,0,1
422,1,12,2,0,1,0,0,0,0,2028,4,2,4,0,1,0,0,0,2,0,0,30,0,0,1,1,2,1,0,0,1
423,1,12,4,1,0,0,0,0,0,958,0,3,2,0,1,0,0,0,3,1,0,47,0,0,1,2,1,2,0,0,1
424,3,21,3,0,0,1,0,0,0,1591,1,3,4,0,1,0,0,0,3,1,0,34,0,0,1,2,3,1,0,0,1
425,1,12,2,0,0,1,0,0,0,2762,4,4,1,0,0,0,0,0,2,0,0,25,1,0,1,1,2,1,1,0,0
426,1,18,2,0,1,0,0,0,0,2779,0,2,1,0,0,1,0,0,3,0,0,21,0,1,0,1,2,1,1,0,1
427,3,28,4,0,0,0,1,0,0,2743,0,4,4,0,1,0,0,0,2,0,0,29,0,0,1,2,2,1,0,0,1
428,3,18,4,0,0,0,1,0,0,1149,3,2,4,0,1,0,0,0,3,1,0,46,0,0,1,2,2,1,0,0,1
429,3,9,2,0,0,1,0,0,0,1313,0,4,1,0,1,0,0,0,4,0,0,20,0,0,1,1,2,1,0,0,1
430,0,18,4,0,0,0,0,0,0,1190,0,0,2,0,0,0,0,0,4,0,1,55,0,0,0,3,0,2,0,0,0
431,3,5,2,0,0,0,0,0,1,3448,0,3,1,0,1,0,0,0,4,1,0,74,0,0,1,1,1,1,0,0,1
432,1,24,2,0,0,0,0,0,0,11328,0,2,2,0,1,0,1,0,3,0,0,29,1,0,1,2,3,1,1,0,0
433,0,6,4,0,0,1,0,0,0,1872,0,0,4,0,1,0,0,0,4,0,1,36,0,0,0,3,3,1,1,0,1
434,3,24,4,0,0,0,0,0,0,2058,0,2,4,1,0,0,0,0,2,1,0,33,0,0,1,2,2,1,1,0,1
435,0,9,2,0,0,1,0,0,0,2136,0,2,3,0,1,0,0,0,2,1,0,25,0,0,1,1,2,1,0,0,1
436,1,12,2,0,0,0,1,0,0,1484,4,2,2,0,0,1,0,0,1,1,0,25,0,0,1,1,2,1,1,0,0
437,3,6,2,0,0,0,0,0,0,660,2,3,2,0,0,1,0,0,4,1,0,23,0,1,0,1,1,1,0,0,1
438,3,24,4,1,0,0,0,0,0,1287,3,4,4,0,0,0,0,0,4,1,0,37,0,0,1,2,2,1,1,0,1
439,0,42,4,0,0,0,0,0,0,3394,0,0,4,0,1,0,1,0,4,0,0,65,0,0,1,2,0,1,0,0,1
440,2,12,1,0,0,0,0,0,1,609,0,1,4,0,0,0,0,0,1,1,0,26,0,0,1,1,0,1,0,0,0
441,3,12,2,1,0,0,0,0,0,1884,0,4,4,0,1,0,0,0,4,0,0,39,0,0,1,1,3,1,1,0,1
442,0,12,2,0,0,1,0,0,0,1620,0,2,2,0,0,0,1,0,3,0,0,30,0,0,1,1,2,1,0,0,1
443,1,20,3,0,0,0,0,0,0,2629,0,2,2,0,1,0,0,0,3,0,0,29,1,0,1,2,2,1,1,0,1
444,3,12,2,0,0,0,0,1,0,719,0,4,4,0,1,0,0,0,4,0,0,41,1,0,1,1,1,2,0,0,0
445,1,48,4,0,0,1,0,0,0,5096,0,2,2,0,0,0,0,0,3,0,0,30,0,0,1,1,3,1,1,0,0
446,3,9,4,0,0,0,0,1,0,1244,4,4,4,0,0,0,0,0,4,0,0,41,0,1,0,2,1,1,0,0,1
447,0,36,2,1,0,0,0,0,0,1842,0,1,4,0,0,0,0,0,4,0,0,34,0,0,1,1,2,1,1,0,0
448,1,7,2,0,0,0,1,0,0,2576,0,2,2,0,1,0,0,1,2,1,0,35,0,0,1,1,2,1,0,0,1
449,2,12,2,0,0,1,0,0,0,1424,4,4,3,0,0,0,0,0,4,1,0,55,0,0,1,1,3,1,1,0,1
450,1,15,3,0,0,0,0,0,0,1512,3,2,3,0,0,1,0,0,3,0,0,61,1,0,1,2,2,1,0,0,0
451,3,36,4,0,1,0,0,0,0,11054,4,2,4,0,1,0,0,0,2,0,0,30,0,0,1,1,3,1,1,0,1
452,3,6,2,0,0,0,1,0,0,518,0,2,3,0,0,0,0,0,1,1,0,29,0,0,1,1,2,1,0,0,1
453,3,12,0,0,0,1,0,0,0,2759,0,4,2,0,1,0,0,0,4,0,0,34,0,0,1,2,2,1,0,0,1
454,3,24,2,0,1,0,0,0,0,2670,0,4,4,0,1,0,0,0,4,0,0,35,0,0,1,1,3,1,1,0,1
455,0,24,2,1,0,0,0,0,0,4817,0,3,2,0,1,0,1,0,3,0,0,31,0,0,1,1,2,1,1,0,0
456,3,24,2,0,1,0,0,0,0,2679,0,1,4,0,0,0,0,0,1,0,1,29,0,0,1,1,3,1,1,0,1
457,0,11,4,1,0,0,0,0,0,3905,0,2,2,0,1,0,0,0,2,1,0,36,0,1,0,2,2,2,0,0,1
458,0,12,2,0,1,0,0,0,0,3386,0,4,3,0,1,0,0,0,4,0,1,35,0,0,0,1,2,1,1,0,0
459,0,6,2,0,0,0,0,0,0,343,0,1,4,0,0,0,0,0,1,1,0,27,0,0,1,1,2,1,0,0,1
460,3,18,2,0,0,0,1,0,0,4594,0,1,3,0,1,0,0,0,2,0,0,32,0,0,1,1,2,1,1,0,1
461,0,36,2,0,0,1,0,0,0,3620,0,2,1,0,1,0,0,1,2,0,0,37,0,0,1,1,2,2,0,0,1
462,0,15,2,1,0,0,0,0,0,1721,0,1,2,0,1,0,0,0,3,1,0,36,0,0,1,1,2,1,0,0,1
463,1,12,2,0,0,1,0,0,0,3017,0,1,3,0,0,0,0,0,1,1,0,34,0,1,0,1,3,1,0,0,1
464,1,12,2,0,0,0,0,0,0,754,4,4,4,0,1,0,0,0,4,0,0,38,0,0,1,2,2,1,0,0,1
465,3,18,2,0,0,0,0,0,1,1950,0,3,4,0,1,0,0,0,1,0,0,34,1,0,1,2,2,1,1,0,1
466,0,24,2,0,1,0,0,0,0,2924,0,2,3,0,1,0,0,1,4,0,1,63,1,0,1,1,2,2,1,0,1
467,0,24,3,0,0,0,1,0,0,1659,0,1,4,0,0,0,0,0,2,0,0,29,0,1,0,1,1,1,1,0,0
468,3,48,3,0,0,0,1,0,0,7238,4,4,3,0,1,0,0,0,3,0,0,32,1,0,1,2,2,2,0,0,1
469,3,33,3,0,0,0,0,0,1,2764,0,2,2,0,0,0,0,0,2,0,0,26,0,0,1,2,2,1,1,0,1
470,3,24,3,0,1,0,0,0,0,4679,0,3,3,0,1,0,0,0,3,0,0,35,0,0,1,2,1,1,1,0,1
471,1,24,2,0,0,0,1,0,0,3092,1,1,3,0,0,1,0,0,2,0,0,22,0,1,0,1,2,1,1,0,0
472,0,6,2,0,0,0,0,1,0,448,0,1,4,0,0,0,0,0,4,0,0,23,0,0,1,1,2,1,0,0,0
473,0,9,2,1,0,0,0,0,0,654,0,2,4,0,1,0,0,0,3,0,0,28,0,0,1,1,1,1,0,0,0
474,3,6,2,0,0,0,0,0,0,1238,4,0,4,0,1,0,0,0,4,0,0,36,0,0,1,1,3,2,1,0,1
475,1,18,4,0,0,0,1,0,0,1245,0,2,4,0,0,1,0,0,2,0,0,33,0,0,1,1,2,1,0,0,0
476,0,18,0,0,0,1,0,0,0,3114,0,1,1,0,0,0,0,0,4,0,0,26,0,1,0,1,2,1,0,0,0
477,3,39,2,0,1,0,0,0,0,2569,2,2,4,0,1,0,0,0,4,0,0,24,0,0,1,1,2,1,0,0,1
478,2,24,2,0,0,0,1,0,0,5152,0,3,4,0,1,0,0,0,2,0,0,25,1,0,1,1,2,1,0,0,1
479,1,12,2,0,0,0,0,0,1,1037,1,3,3,0,1,0,0,0,4,1,0,39,0,0,1,1,1,1,0,0,1
480,0,15,4,0,0,1,0,0,0,1478,0,4,4,0,1,0,0,0,4,0,0,44,0,0,1,2,2,2,1,0,1
481,1,12,4,0,0,0,1,0,0,3573,0,2,1,0,0,0,0,0,1,1,0,23,0,0,1,1,1,1,0,0,1
482,1,24,2,1,0,0,0,0,0,1201,0,1,4,0,1,0,0,0,1,0,0,26,0,0,1,1,2,1,0,0,1
483,0,30,2,0,0,1,0,0,0,3622,3,4,4,0,0,0,0,0,4,0,0,57,0,1,0,2,2,1,1,0,1
484,3,15,3,0,0,1,0,0,0,960,3,3,3,0,0,0,0,0,2,0,0,30,0,0,1,2,2,1,0,0,1
485,3,12,4,1,0,0,0,0,0,1163,2,2,4,0,1,0,0,0,4,1,0,44,0,0,1,1,2,1,1,0,1
486,1,6,3,1,0,0,0,0,0,1209,0,0,4,0,1,0,0,0,4,0,0,47,0,0,1,1,3,1,1,0,0
487,3,12,2,0,0,0,1,0,0,3077,0,2,2,0,1,0,0,0,4,0,0,52,0,0,1,1,2,1,1,0,1
488,3,24,2,1,0,0,0,0,0,3757,0,4,4,0,0,0,1,0,4,0,1,62,0,0,0,1,2,1,1,0,1
489,3,10,2,1,0,0,0,0,0,1418,1,2,3,0,1,0,0,0,2,1,0,35,0,1,0,1,1,1,0,1,1
490,3,6,2,1,0,0,0,0,0,3518,0,2,2,0,1,0,0,1,3,0,0,26,0,1,0,1,2,1,0,0,1
491,3,12,4,0,0,0,1,0,0,1934,0,4,2,0,1,0,0,0,2,0,1,26,0,0,1,2,2,1,0,0,1
492,1,27,0,0,0,0,0,0,1,8318,0,4,2,0,0,0,0,0,4,0,1,42,0,0,0,2,3,1,1,0,0
493,3,6,4,0,0,0,1,0,0,1237,1,2,1,0,0,0,0,0,1,0,0,27,0,0,1,2,2,1,0,0,1
494,1,6,2,0,0,0,1,0,0,368,4,4,4,0,1,0,0,0,4,0,0,38,0,0,1,1,2,1,0,0,1
495,0,12,4,1,0,0,0,0,0,2122,0,2,3,0,1,0,0,0,2,1,0,39,0,1,0,2,1,2,0,1,1
496,0,24,2,0,0,1,0,0,0,2996,4,2,2,0,0,1,0,0,4,0,0,20,0,0,1,1,2,1,0,0,0
497,1,36,2,0,0,1,0,0,0,9034,1,1,4,0,1,0,1,0,1,0,1,29,0,1,0,1,3,1,1,0,0
498,3,24,4,0,0,1,0,0,0,1585,0,3,4,0,1,0,0,0,3,0,0,40,0,0,1,2,2,1,0,0,1
499,1,18,2,0,0,0,1,0,0,1301,0,4,4,0,0,1,0,1,2,1,0,32,0,0,1,1,1,1,0,0,1
500,2,6,4,1,0,0,0,0,0,1323,1,4,2,1,0,0,0,0,4,0,0,28,0,0,1,2,2,2,1,0,1
501,0,24,2,1,0,0,0,0,0,3123,0,1,4,0,0,0,0,0,1,0,0,27,0,0,1,1,2,1,0,0,0
502,0,36,2,0,1,0,0,0,0,5493,0,4,2,0,1,0,0,0,4,0,1,42,0,0,0,1,2,2,0,0,1
503,2,9,2,0,0,0,1,0,0,1126,1,4,2,1,0,0,0,0,4,1,0,49,0,0,1,1,2,1,0,0,1
504,1,24,4,0,0,0,1,0,0,1216,1,1,4,0,1,0,0,0,4,0,1,38,1,0,1,2,2,2,0,0,0
505,0,24,2,1,0,0,0,0,0,1207,0,1,4,0,0,0,0,0,4,0,0,24,0,1,0,1,2,1,0,0,0
506,3,10,2,1,0,0,0,0,0,1309,4,2,4,0,1,0,0,1,4,0,0,27,0,0,1,1,1,1,0,0,0
507,2,15,4,0,1,0,0,0,0,2360,2,2,2,0,1,0,0,0,2,0,0,36,0,0,1,1,2,1,1,0,1
508,1,15,1,1,0,0,0,0,0,6850,1,0,1,0,1,0,0,0,2,0,0,34,0,0,1,1,3,2,1,0,0
509,3,24,2,0,0,0,1,0,0,1413,0,2,4,0,0,1,0,0,2,0,0,28,0,0,1,1,2,1,0,0,1
510,3,39,2,0,1,0,0,0,0,8588,1,4,4,0,1,0,0,0,2,0,0,45,0,0,1,1,3,1,1,0,1
511,0,12,2,1,0,0,0,0,0,759,0,3,4,0,1,0,0,0,2,1,0,26,0,0,1,1,2,1,0,0,0
512,3,36,2,0,1,0,0,0,0,4686,0,2,2,0,1,0,0,0,2,0,1,32,0,0,0,1,3,1,1,0,1
513,2,15,2,0,0,0,0,0,1,2687,0,3,2,0,1,0,0,0,4,0,0,26,0,1,0,1,2,1,1,0,1
514,1,12,3,0,0,0,1,0,0,585,0,2,4,0,0,1,1,0,4,1,0,20,0,1,0,2,2,1,0,0,1
515,3,24,2,1,0,0,0,0,0,2255,4,1,4,0,1,0,0,0,1,0,0,54,0,0,1,1,2,1,0,0,1
516,0,6,4,1,0,0,0,0,0,609,0,3,4,0,0,0,0,0,3,0,0,37,0,0,1,2,2,1,0,1,1
517,0,6,4,1,0,0,0,0,0,1361,0,1,2,0,1,0,0,0,4,1,0,40,0,0,1,1,1,2,0,1,1
518,3,36,4,0,0,1,0,0,0,7127,0,1,2,0,0,0,0,0,4,0,0,23,0,1,0,2,2,1,1,0,0
519,0,6,2,1,0,0,0,0,0,1203,1,4,3,0,1,0,0,0,2,0,0,43,0,0,1,1,2,1,1,0,1
520,3,6,4,0,0,0,1,0,0,700,4,4,4,0,1,0,0,0,4,0,1,36,0,0,0,2,2,1,0,0,1
521,3,24,4,0,0,0,0,0,0,5507,0,4,3,0,1,0,0,0,4,0,1,44,0,0,0,2,2,1,0,0,1
522,0,18,2,0,0,0,1,0,0,3190,0,2,2,0,0,0,0,0,2,1,0,24,0,0,1,1,2,1,0,0,0
523,0,48,0,0,0,1,0,0,0,7119,0,2,3,0,1,0,0,0,4,0,1,53,0,0,0,2,2,2,0,0,0
524,3,24,2,0,1,0,0,0,0,3488,1,3,3,0,0,0,0,0,4,0,0,23,0,0,1,1,2,1,0,0,1
525,1,18,2,0,0,0,1,0,0,1113,0,2,4,0,0,0,0,1,4,1,0,26,0,0,1,1,1,2,0,0,1
526,1,26,2,0,1,0,0,0,0,7966,0,1,2,0,1,0,0,0,3,0,0,30,0,0,1,2,2,1,0,0,1
527,3,15,4,0,0,0,0,1,0,1532,1,2,4,0,0,0,0,0,3,0,0,31,0,0,1,1,2,1,0,0,1
528,3,4,4,0,0,0,1,0,0,1503,0,3,2,0,1,0,0,0,1,1,0,42,0,0,1,2,1,2,0,0,1
529,0,36,2,0,0,0,1,0,0,2302,0,2,4,1,0,0,0,0,4,0,0,31,0,1,0,1,2,1,0,0,0
530,0,6,2,1,0,0,0,0,0,662,0,1,3,0,1,0,0,0,4,1,0,41,0,0,1,1,1,2,1,0,1
531,1,36,2,0,0,0,0,1,0,2273,0,3,3,0,1,0,0,0,1,0,0,32,0,0,1,2,2,2,0,0,1
532,1,15,2,1,0,0,0,0,0,2631,1,2,2,0,0,0,0,0,4,0,0,28,0,1,0,2,2,1,1,0,0
533,3,12,3,0,1,0,0,0,0,1503,0,2,4,0,0,1,0,0,4,1,0,41,0,1,0,1,2,1,0,0,1
534,3,24,2,0,0,0,1,0,0,1311,1,3,4,0,0,1,0,0,3,0,0,26,0,0,1,1,2,1,1,0,1
535,3,24,2,0,0,0,1,0,0,3105,4,1,4,0,1,0,0,0,2,0,0,25,0,0,1,2,2,1,0,0,1
536,2,21,4,0,0,0,0,1,0,2319,0,1,2,1,0,0,0,0,1,0,0,33,0,1,0,1,2,1,0,0,0
537,0,6,2,1,0,0,0,0,0,1374,4,0,4,0,0,0,0,0,3,0,0,75,0,0,1,1,3,1,1,0,1
538,1,18,4,0,0,1,0,0,0,3612,0,4,3,0,0,0,0,0,4,0,0,37,0,0,1,1,2,1,1,0,1
539,0,48,2,1,0,0,0,0,0,7763,0,4,4,0,1,0,0,0,4,0,1,42,1,0,0,1,3,1,0,0,0
540,2,18,2,0,0,1,0,0,0,3049,0,1,1,0,0,0,0,0,1,0,0,45,1,0,1,1,1,1,0,0,1
541,1,12,2,0,0,0,1,0,0,1534,0,1,1,0,0,1,0,0,1,1,0,23,0,1,0,1,2,1,0,0,0
542,3,24,3,1,0,0,0,0,0,2032,0,4,4,0,1,0,0,0,4,0,1,60,0,0,0,2,2,1,1,0,1
543,0,30,2,0,0,1,0,0,0,6350,4,4,4,0,1,0,0,0,4,0,0,31,0,0,1,1,2,1,0,0,0
544,2,18,2,0,0,1,0,0,0,2864,0,2,2,0,1,0,0,0,1,1,0,34,0,0,1,1,1,2,0,0,0
545,3,12,4,1,0,0,0,0,0,1255,0,4,4,0,1,0,0,0,4,1,0,61,0,0,1,2,1,1,0,0,1
546,0,24,3,1,0,0,0,0,0,1333,0,0,4,0,1,0,0,0,2,1,0,43,0,0,0,2,2,2,0,0,0
547,3,24,4,1,0,0,0,0,0,2022,0,2,4,0,0,0,0,0,4,0,0,37,0,0,1,1,2,1,1,0,1
548,3,24,2,0,0,0,1,0,0,1552,0,3,3,0,1,0,0,0,1,0,0,32,1,0,1,1,2,2,0,0,1
549,0,12,1,0,0,0,1,0,0,626,0,2,4,0,0,0,0,0,4,1,0,24,1,0,1,1,1,1,0,0,0
550,3,48,4,0,1,0,0,0,0,8858,4,3,2,0,1,0,0,0,1,0,1,35,0,0,0,2,2,1,1,0,1
551,3,12,4,0,0,0,0,0,0,996,4,3,4,0,0,0,0,0,4,1,0,23,0,0,1,2,2,1,0,0,1
552,3,6,1,0,0,0,1,0,0,1750,2,4,2,0,1,0,0,0,4,0,0,45,1,0,1,1,1,2,0,0,1
553,0,48,2,0,0,0,1,0,0,6999,0,3,1,0,0,1,0,1,1,1,0,34,0,0,1,2,2,1,1,0,0
554,1,12,4,1,0,0,0,0,0,1995,1,1,4,0,1,0,0,0,1,0,0,27,0,0,1,1,2,1,0,0,1
555,1,9,2,0,0,0,0,1,0,1199,0,3,4,0,0,0,0,0,4,0,0,67,0,0,1,2,3,1,1,0,1
556,1,12,2,0,0,0,1,0,0,1331,0,1,2,0,1,0,0,0,1,0,0,22,1,0,1,1,2,1,0,0,0
557,1,18,0,1,0,0,0,0,0,2278,1,1,3,0,0,0,0,0,3,0,0,28,0,0,1,2,2,1,0,0,0
558,3,21,0,1,0,0,0,0,0,5003,4,2,1,0,0,0,0,0,4,0,0,29,1,0,1,2,2,1,1,0,0
559,0,24,1,0,0,1,0,0,0,3552,0,3,3,0,1,0,0,0,4,0,0,27,1,0,1,1,2,1,0,0,0
560,1,18,4,0,0,1,0,0,0,1928,0,1,2,0,1,0,0,0,2,1,0,31,0,0,1,2,1,1,0,0,0
561,0,24,2,0,1,0,0,0,0,2964,4,4,4,0,1,0,0,0,4,0,1,49,1,0,0,1,2,2,1,0,1
562,0,24,1,0,0,0,1,0,0,1546,0,3,4,0,1,0,0,1,4,0,0,24,1,1,0,1,1,1,0,0,0
563,2,6,3,0,0,0,1,0,0,683,0,1,2,0,0,0,0,0,1,0,0,29,1,0,1,1,2,1,0,0,1
564,1,36,2,1,0,0,0,0,0,12389,4,2,1,0,1,0,0,0,4,0,1,37,0,0,0,1,2,1,1,0,0
565,1,24,3,0,0,0,0,0,1,4712,4,2,4,0,1,0,0,0,2,0,0,37,1,0,1,2,3,1,1,0,1
566,1,24,3,0,0,0,1,0,0,1553,1,3,3,0,0,0,0,0,2,0,0,23,0,1,0,2,2,1,1,0,1
567,0,12,2,1,0,0,0,0,0,1372,0,3,2,1,0,0,0,0,3,0,0,36,0,0,1,1,2,1,0,0,0
568,3,24,4,0,0,0,1,0,0,2578,3,4,2,0,1,0,0,0,2,0,0,34,0,0,1,1,2,1,0,0,1
569,1,48,2,0,0,0,1,0,0,3979,4,3,4,0,1,0,0,0,1,0,0,41,0,0,1,2,2,2,1,0,1
570,0,48,2,0,0,0,1,0,0,6758,0,2,3,0,0,0,0,0,2,0,0,31,0,0,1,1,2,1,1,0,0
571,0,24,2,0,0,1,0,0,0,3234,0,1,4,0,0,0,0,0,4,1,0,23,0,1,0,1,1,1,1,0,0
572,3,30,4,0,0,0,1,0,0,5954,0,3,3,0,1,0,1,0,2,0,0,38,0,0,1,1,2,1,0,0,1
573,3,24,2,0,1,0,0,0,0,5433,4,0,2,0,0,0,0,0,4,0,0,26,0,1,0,1,3,1,1,0,1
574,0,15,2,0,0,0,0,0,1,806,0,2,4,0,0,0,0,0,4,0,0,22,0,0,1,1,1,1,0,0,1
575,1,9,2,0,0,0,1,0,0,1082,0,4,4,0,1,0,0,0,4,0,0,27,0,0,1,2,1,1,0,0,1
576,3,15,4,0,0,1,0,0,0,2788,0,3,2,0,0,0,1,0,3,0,0,24,1,0,1,2,2,1,0,0,1
577,1,12,2,0,0,0,1,0,0,2930,0,3,2,0,0,0,0,0,1,1,0,27,0,0,1,1,2,1,0,0,1
578,3,24,4,0,0,0,0,1,0,1927,4,2,3,0,0,0,0,0,2,0,0,33,0,0,1,2,2,1,1,0,1
579,1,36,4,1,0,0,0,0,0,2820,0,1,4,1,0,0,0,0,4,0,0,27,0,0,1,2,2,1,0,0,0
580,3,24,2,0,0,0,0,0,0,937,0,1,4,0,0,1,0,0,3,0,0,27,0,0,1,2,1,1,0,0,1
581,1,18,4,1,0,0,0,0,0,1056,0,4,3,0,1,0,0,1,3,1,0,30,1,0,1,2,2,1,0,0,0
582,1,12,4,1,0,0,0,0,0,3124,0,1,1,0,1,0,0,0,3,1,0,49,1,0,1,2,1,2,0,0,1
583,3,9,2,0,0,1,0,0,0,1388,0,2,4,0,0,0,0,0,2,1,0,26,0,1,0,1,2,1,0,0,1
584,1,36,2,0,0,0,0,0,0,2384,0,1,4,0,1,0,0,0,1,0,1,33,0,1,0,1,1,1,0,0,0
585,3,12,2,1,0,0,0,0,0,2133,4,4,4,0,0,0,0,0,4,0,1,52,0,0,0,1,3,1,1,0,1
586,0,18,2,0,0,1,0,0,0,2039,0,2,1,0,0,0,0,0,4,1,0,20,1,1,0,1,2,1,0,0,0
587,0,9,4,1,0,0,0,0,0,2799,0,2,2,0,1,0,0,0,2,1,0,36,0,1,0,2,2,2,0,0,1
588,0,12,2,0,0,1,0,0,0,1289,0,2,4,0,1,0,0,1,1,0,0,21,0,0,1,1,1,1,0,0,1
589,0,18,2,0,0,0,0,0,0,1217,0,2,4,0,0,1,0,0,3,1,0,47,0,0,1,1,1,1,1,0,0
590,0,12,4,0,0,1,0,0,0,2246,0,4,3,0,1,0,0,0,3,0,0,60,0,0,1,2,2,1,0,0,0
591,0,12,4,0,0,0,1,0,0,385,0,3,4,0,0,0,0,0,3,1,0,58,0,0,1,4,1,1,1,0,1
592,1,24,3,1,0,0,0,0,0,1965,4,2,4,0,0,0,0,0,4,0,0,42,0,1,0,2,2,1,1,0,1
593,3,21,2,0,0,0,0,0,1,1572,3,4,4,0,0,0,0,0,4,1,0,36,1,0,1,1,1,1,0,0,1
594,1,24,2,1,0,0,0,0,0,2718,0,2,3,0,0,0,0,0,4,0,0,20,0,1,0,1,1,1,1,0,0
595,0,24,1,0,0,0,0,0,0,1358,4,4,4,0,1,0,0,0,3,0,0,40,1,0,1,1,3,1,1,0,0
596,1,6,1,1,0,0,0,0,0,931,1,1,1,0,0,0,0,0,1,0,0,32,1,0,1,1,1,1,0,0,0
597,0,24,2,1,0,0,0,0,0,1442,0,3,4,0,0,0,0,0,4,0,0,23,0,1,0,2,2,1,0,0,0
598,1,24,0,0,0,0,0,0,1,4241,0,2,1,0,1,0,0,0,4,1,0,36,0,0,1,3,1,1,1,0,0
599,3,18,4,1,0,0,0,0,0,2775,0,3,2,0,1,0,0,0,2,0,0,31,1,0,1,2,2,1,0,0,0
600,3,24,3,0,0,0,0,0,1,3863,0,2,1,0,1,0,0,0,2,0,1,32,0,0,0,1,2,1,0,0,1
601,1,7,2,0,0,0,1,0,0,2329,0,1,1,0,0,0,0,1,1,1,0,45,0,0,1,1,2,1,0,0,1
602,1,9,2,0,0,1,0,0,0,918,0,2,4,0,0,0,0,0,1,0,0,30,0,0,1,1,2,1,0,0,0
603,1,24,1,0,0,0,0,1,0,1837,0,3,4,0,0,0,0,0,4,0,1,34,1,0,0,1,1,1,0,0,0
604,3,36,2,0,0,1,0,0,0,3349,0,2,4,0,0,0,0,0,2,0,0,28,0,0,1,1,3,1,1,0,0
605,2,10,2,0,0,1,0,0,0,1275,0,1,4,0,0,0,0,0,2,0,0,23,0,0,1,1,2,1,0,0,1
606,0,24,1,0,0,1,0,0,0,2828,2,2,4,0,1,0,0,0,4,1,0,22,1,0,1,1,2,1,1,0,1
607,3,24,4,0,0,0,0,0,1,4526,0,2,3,0,1,0,0,0,2,1,0,74,0,0,1,1,3,1,1,0,1
608,1,36,2,0,0,0,1,0,0,2671,1,2,4,0,0,0,1,0,4,0,1,50,0,0,0,1,2,1,0,0,0
609,3,18,2,0,0,0,1,0,0,2051,0,1,4,0,1,0,0,0,1,1,0,33,0,0,1,1,2,1,0,0,1
610,3,15,2,0,1,0,0,0,0,1300,4,4,4,0,1,0,0,0,4,0,1,45,1,0,0,1,2,2,0,0,1
611,0,12,2,0,0,0,0,0,0,741,1,0,4,0,0,0,0,0,3,0,0,22,0,0,1,1,2,1,0,0,0
612,2,10,2,1,0,0,0,0,0,1240,1,4,1,0,0,0,0,0,4,0,1,48,0,0,0,1,1,2,0,0,0
613,0,21,2,0,0,0,1,0,0,3357,3,1,4,0,0,0,0,0,2,0,0,29,1,0,1,1,2,1,0,0,1
614,0,24,1,0,1,0,0,0,0,3632,0,2,1,0,0,0,0,1,4,0,0,22,1,1,0,1,2,1,0,1,1
615,3,18,3,0,0,1,0,0,0,1808,0,3,4,0,0,0,0,0,1,1,0,22,0,0,1,1,2,1,0,0,0
616,1,48,0,0,0,0,0,0,1,12204,4,2,2,0,1,0,0,0,2,0,0,48,1,0,1,1,3,1,1,0,1
617,1,60,3,0,0,0,1,0,0,9157,4,2,2,0,1,0,0,0,2,0,1,27,0,0,0,1,3,1,0,0,1
618,0,6,4,1,0,0,0,0,0,3676,0,2,1,0,1,0,0,0,3,1,0,37,0,1,0,3,2,2,0,0,1
619,1,30,2,0,0,1,0,0,0,3441,1,2,2,0,0,0,1,0,4,0,0,21,0,1,0,1,2,1,0,0,0
620,3,12,2,1,0,0,0,0,0,640,0,2,4,1,0,0,0,0,2,1,0,49,0,0,1,1,1,1,0,0,1
621,1,21,4,0,0,0,0,0,1,3652,0,3,2,0,1,0,0,0,3,0,0,27,0,0,1,2,2,1,0,0,1
622,3,18,4,1,0,0,0,0,0,1530,0,2,3,0,1,0,0,0,2,0,0,32,1,0,1,2,2,1,0,0,0
623,3,48,2,0,0,0,0,0,1,3914,4,2,4,1,0,0,0,0,2,1,0,38,1,0,1,1,2,1,0,0,0
624,0,12,2,0,0,1,0,0,0,1858,0,1,4,0,0,0,0,0,1,0,0,22,0,1,0,1,2,1,0,0,1
625,0,18,2,0,0,0,1,0,0,2600,0,2,4,0,1,0,0,0,4,0,1,65,0,0,0,2,2,1,0,0,0
626,3,15,2,0,0,0,1,0,0,1979,4,4,4,0,1,0,0,0,2,0,0,35,0,0,1,1,2,1,0,0,1
627,2,6,2,0,0,1,0,0,0,2116,0,2,2,0,1,0,0,0,2,1,0,41,0,0,1,1,2,1,1,0,1
628,1,9,1,1,0,0,0,0,0,1437,1,3,2,0,1,0,0,0,3,0,1,29,0,0,1,1,2,1,0,0,0
629,3,42,4,0,0,1,0,0,0,4042,2,2,4,0,1,0,0,0,4,1,0,36,0,0,1,2,2,1,1,0,1
630,3,9,2,0,0,0,0,1,0,3832,4,4,1,0,1,0,0,0,4,1,0,64,0,0,1,1,1,1,0,0,1
631,0,24,2,0,0,0,1,0,0,3660,0,2,2,0,0,0,0,0,4,0,0,28,0,0,1,1,2,1,0,0,1
632,0,18,1,0,0,1,0,0,0,1553,0,2,4,0,1,0,0,0,3,0,0,44,1,0,1,1,2,1,0,0,0
633,1,15,2,0,0,0,1,0,0,1444,4,1,4,0,1,0,0,0,1,0,0,23,0,0,1,1,2,1,0,0,1
634,3,9,2,0,0,1,0,0,0,1980,0,1,2,0,0,0,1,0,2,0,0,19,0,1,0,2,2,1,0,0,0
635,1,24,2,1,0,0,0,0,0,1355,0,1,3,0,0,0,0,0,4,0,0,25,0,0,1,1,1,1,1,0,0
636,3,12,2,0,0,0,0,1,0,1393,0,4,4,0,1,0,0,0,4,0,0,47,1,0,1,3,2,2,1,0,1
637,3,24,2,0,0,0,1,0,0,1376,2,3,4,0,0,0,0,0,1,0,0,28,0,0,1,1,2,1,0,0,1
638,3,60,3,0,0,0,1,0,0,15653,0,3,2,0,1,0,0,0,4,0,0,21,0,0,1,2,2,1,1,0,1
639,3,12,2,0,0,0,1,0,0,1493,0,1,4,0,0,0,0,0,3,0,0,34,0,0,1,1,2,2,0,0,1
640,0,42,3,0,0,0,1,0,0,4370,0,3,3,0,1,0,0,0,2,0,0,26,1,0,1,2,2,2,1,0,0
641,0,18,2,0,0,0,0,1,0,750,0,0,4,0,0,0,0,0,1,1,0,27,0,0,1,1,0,1,0,0,0
642,1,15,2,0,0,0,0,0,0,1308,0,4,4,0,1,0,0,0,4,0,0,38,0,0,1,2,1,1,0,0,1
643,3,15,2,0,0,0,0,1,0,4623,1,2,3,0,1,0,0,0,2,0,0,40,0,0,1,1,3,1,1,0,0
644,3,24,4,0,0,0,1,0,0,1851,0,3,4,0,0,1,0,1,2,0,0,33,0,0,1,2,2,1,1,0,1
645,0,18,4,0,0,0,1,0,0,1880,0,3,4,0,0,1,0,0,1,0,0,32,0,0,1,2,3,1,1,0,1
646,3,36,3,0,0,0,0,0,1,7980,4,1,4,0,1,0,0,0,4,0,0,27,0,1,0,2,2,1,1,0,0
647,0,30,0,0,0,1,0,0,0,4583,0,2,2,1,0,0,0,1,2,1,0,32,0,0,1,2,2,1,0,0,1
648,3,12,2,1,0,0,0,0,0,1386,2,2,2,0,0,0,0,0,2,0,0,26,0,0,1,1,2,1,0,0,0
649,2,24,2,1,0,0,0,0,0,947,0,3,4,0,1,0,0,0,3,0,1,38,1,0,0,1,2,2,0,0,0
650,0,12,2,0,0,0,0,1,0,684,0,2,4,0,1,0,0,0,4,0,0,40,0,1,0,1,1,2,0,0,0
651,0,48,2,0,0,0,0,1,0,7476,0,3,4,0,1,0,0,0,1,0,1,50,0,0,0,1,3,1,1,0,1
652,1,12,2,0,0,1,0,0,0,1922,0,2,4,0,1,0,0,0,2,0,0,37,0,0,1,1,1,1,0,0,0
653,0,24,2,1,0,0,0,0,0,2303,0,4,4,0,1,0,1,0,1,1,0,45,0,0,1,1,2,1,0,0,0
654,1,36,3,1,0,0,0,0,0,8086,1,4,2,0,1,0,0,0,4,0,0,42,0,0,1,4,3,1,1,0,0
655,3,24,4,0,1,0,0,0,0,2346,0,3,4,0,1,0,0,0,3,0,0,35,0,0,1,2,2,1,1,0,1
656,0,14,2,1,0,0,0,0,0,3973,0,0,1,0,1,0,0,0,4,0,1,22,0,0,0,1,2,1,0,0,1
657,1,12,2,1,0,0,0,0,0,888,0,4,4,0,1,0,0,0,4,0,0,41,1,0,1,1,1,2,0,0,0
658,3,48,2,0,0,0,1,0,0,10222,4,3,4,0,1,0,0,0,3,0,0,37,1,0,1,1,2,1,1,0,1
659,1,30,0,0,0,0,0,0,1,4221,0,2,2,0,0,0,0,0,1,0,0,28,0,0,1,2,2,1,0,0,1
660,1,18,4,0,0,1,0,0,0,6361,0,4,2,0,1,0,0,0,1,0,1,41,0,0,1,1,2,1,1,0,1
661,2,12,2,0,0,0,1,0,0,1297,0,2,3,0,0,1,0,0,4,1,0,23,0,1,0,1,2,1,0,0,1
662,0,12,2,1,0,0,0,0,0,900,4,2,4,0,0,1,0,0,2,0,0,23,0,0,1,1,2,1,0,0,0
663,3,21,2,0,0,1,0,0,0,2241,0,4,4,0,1,0,0,0,2,1,0,50,0,0,1,2,2,1,0,0,1
664,1,6,3,0,0,1,0,0,0,1050,0,0,4,0,1,0,0,0,1,0,0,35,1,0,1,2,3,1,1,0,1
665,2,6,4,0,0,0,0,1,0,1047,0,2,2,0,0,0,0,0,4,0,0,50,0,0,1,1,1,1,0,0,1
666,3,24,4,0,0,0,0,0,0,6314,0,0,4,0,1,0,1,0,2,0,1,27,1,0,1,2,3,1,1,0,1
667,1,30,1,0,0,1,0,0,0,3496,3,2,4,0,1,0,0,0,2,0,0,34,1,0,1,1,2,2,1,0,1
668,3,48,1,0,0,0,0,0,1,3609,0,2,1,0,0,0,0,0,1,1,0,27,1,0,1,1,2,1,0,0,1
669,0,12,4,1,0,0,0,0,0,4843,0,4,3,0,1,0,1,0,4,0,0,43,0,1,0,2,2,1,1,0,0
670,2,30,4,0,0,0,1,0,0,3017,0,4,4,0,1,0,0,0,4,0,0,47,0,0,1,1,2,1,0,0,1
671,3,24,4,0,0,0,0,0,1,4139,1,2,3,0,1,0,0,0,3,0,0,27,0,0,1,2,1,1,1,0,1
672,3,36,2,0,0,0,0,0,1,5742,1,3,2,0,1,0,0,0,2,0,0,31,0,0,1,2,2,1,1,0,1
673,3,60,2,1,0,0,0,0,0,10366,0,4,2,0,1,0,0,0,4,0,0,42,0,0,1,1,3,1,1,0,1
674,3,6,4,1,0,0,0,0,0,2080,2,2,1,0,0,1,0,0,2,0,0,24,0,0,1,1,2,1,0,0,1
675,3,21,3,0,0,0,0,0,1,2580,2,1,4,0,1,0,0,0,2,1,0,41,1,0,1,1,1,2,0,0,0
676,3,30,4,0,0,0,1,0,0,4530,0,3,4,0,0,0,0,0,4,0,0,26,0,1,0,1,3,1,1,0,1
677,3,24,4,0,0,1,0,0,0,5150,0,4,4,0,1,0,0,0,4,0,0,33,0,0,1,1,2,1,1,0,1
678,1,72,2,0,0,0,1,0,0,5595,1,2,2,0,0,1,0,0,2,0,0,24,0,0,1,1,2,1,0,0,0
679,0,24,2,0,0,0,1,0,0,2384,0,4,4,0,1,0,0,0,4,1,0,64,1,1,0,1,1,1,0,0,1
680,3,18,2,0,0,0,1,0,0,1453,0,1,3,0,0,0,0,0,1,1,0,26,0,0,1,1,2,1,0,0,1
681,3,6,2,0,0,0,0,1,0,1538,0,1,1,0,0,0,0,0,2,0,1,56,0,0,1,1,2,1,0,0,1
682,3,12,2,0,0,0,1,0,0,2279,4,2,4,0,1,0,0,0,4,0,1,37,0,0,0,1,2,1,1,0,1
683,3,15,3,0,0,0,1,0,0,1478,0,2,4,0,0,1,0,0,3,1,0,33,1,0,1,2,2,1,0,0,1
684,3,24,4,0,0,0,1,0,0,5103,0,1,3,0,0,1,0,0,3,0,1,47,0,0,0,3,2,1,1,0,1
685,1,36,3,0,0,0,0,0,1,9857,1,3,1,0,1,0,0,0,3,0,0,31,0,0,1,2,1,2,1,0,1
686,3,60,2,1,0,0,0,0,0,6527,4,2,4,0,1,0,0,0,4,0,1,34,0,0,0,1,2,2,1,0,1
687,2,10,4,0,0,0,1,0,0,1347,4,3,4,0,1,0,0,0,2,0,0,27,0,0,1,2,2,1,1,0,1
688,1,36,3,1,0,0,0,0,0,2862,1,4,4,0,1,0,0,0,3,0,1,30,0,0,0,1,2,1,0,0,1
689,3,9,2,0,0,0,1,0,0,2753,1,4,3,0,1,0,1,0,4,0,0,35,0,0,1,1,2,1,1,0,1
690,0,12,2,1,0,0,0,0,0,3651,3,2,1,0,1,0,0,0,3,0,0,31,0,0,1,1,2,2,0,0,1
691,0,15,4,0,0,1,0,0,0,975,0,2,2,1,0,0,0,0,3,0,0,25,0,0,1,2,2,1,0,0,1
692,1,15,2,0,0,0,0,0,0,2631,1,2,3,0,0,0,0,0,2,1,0,25,0,0,1,1,1,1,0,0,1
693,1,24,2,0,0,0,1,0,0,2896,1,1,2,0,1,0,0,0,1,0,0,29,0,0,1,1,2,1,0,0,1
694,0,6,4,1,0,0,0,0,0,4716,4,1,1,0,1,0,0,0,3,1,0,44,0,0,1,2,1,2,0,0,1
695,3,24,2,0,0,0,1,0,0,2284,0,3,4,0,1,0,0,0,2,0,0,28,0,0,1,1,2,1,1,0,1
696,3,6,2,0,1,0,0,0,0,1236,2,2,2,0,1,0,0,0,4,0,0,50,0,1,0,1,2,1,0,0,1
697,1,12,2,0,0,0,1,0,0,1103,0,3,4,0,1,0,0,1,3,1,0,29,0,0,1,2,2,1,0,1,1
698,3,12,4,1,0,0,0,0,0,926,0,0,1,0,0,0,0,0,2,0,0,38,0,0,1,1,0,1,0,0,1
699,3,18,4,0,0,0,1,0,0,1800,0,2,4,0,1,0,0,0,2,0,0,24,0,0,1,2,2,1,0,0,1
700,2,15,2,0,0,0,0,1,0,1905,0,4,4,0,1,0,0,0,4,0,0,40,0,1,0,1,3,1,1,0,1
701,3,12,2,0,0,1,0,0,0,1123,2,2,4,0,0,0,0,0,4,0,0,29,0,1,0,1,1,1,0,0,0
702,0,48,4,0,1,0,0,0,0,6331,0,4,4,0,1,0,0,0,4,0,1,46,0,0,0,2,2,1,1,0,0
703,2,24,2,0,0,0,1,0,0,1377,1,4,4,0,0,0,0,0,2,0,1,47,0,0,0,1,2,1,1,0,1
704,1,30,3,0,0,0,0,0,1,2503,1,4,4,0,1,0,0,0,2,0,0,41,1,0,1,2,2,1,0,0,1
705,1,27,2,0,0,0,0,0,1,2528,0,1,4,0,0,0,0,0,1,0,0,32,0,0,1,1,2,2,1,0,1
706,3,15,2,1,0,0,0,0,0,5324,2,4,1,0,0,0,0,0,4,0,1,35,0,0,0,1,2,1,0,0,1
707,1,48,2,1,0,0,0,0,0,6560,1,3,3,0,1,0,0,0,2,0,0,24,0,0,1,1,2,1,0,0,0
708,1,12,0,0,0,1,0,0,0,2969,0,1,4,0,0,0,0,0,3,0,0,25,0,1,0,2,2,1,0,0,0
709,1,9,2,0,0,0,1,0,0,1206,0,4,4,0,0,0,0,0,4,1,0,25,0,0,1,1,2,1,0,0,1
710,1,9,2,0,0,0,1,0,0,2118,0,2,2,0,1,0,0,0,2,1,0,37,0,0,1,1,1,2,0,0,1
711,3,18,4,0,0,0,1,0,0,629,2,4,4,0,1,0,0,0,3,0,0,32,1,0,1,2,3,1,1,0,1
712,0,6,1,0,0,0,0,1,0,1198,0,4,4,0,0,0,0,0,4,0,1,35,0,0,0,1,2,1,0,0,0
713,3,21,2,0,1,0,0,0,0,2476,4,4,4,0,1,0,0,0,4,1,0,46,0,0,1,1,3,1,1,0,1
714,0,9,4,0,0,0,1,0,0,1138,0,2,4,0,1,0,0,0,4,1,0,25,0,0,1,2,1,1,0,0,1
715,1,60,2,1,0,0,0,0,0,14027,0,3,4,0,1,0,0,0,2,0,1,27,0,0,1,1,3,1,1,0,0
716,3,30,4,0,1,0,0,0,0,7596,4,4,1,0,1,0,0,0,4,0,0,63,0,0,1,2,2,1,0,0,1
717,3,30,4,0,0,0,1,0,0,3077,4,4,3,0,1,0,0,0,2,0,0,40,0,0,1,2,2,2,1,0,1
718,3,18,2,0,0,0,1,0,0,1505,0,2,4,0,1,0,0,0,2,0,1,32,0,0,0,1,3,1,1,0,1
719,2,24,4,0,0,0,1,0,0,3148,4,2,3,0,1,0,0,0,2,0,0,31,0,0,1,2,2,1,1,0,1
720,1,20,0,0,1,0,0,0,0,6148,1,4,3,0,0,1,0,0,4,0,0,31,1,0,1,2,2,1,1,0,1
721,2,9,0,0,0,0,1,0,0,1337,0,1,4,0,1,0,0,0,2,0,0,34,0,0,1,2,3,1,1,0,0
722,1,6,1,0,0,0,0,1,0,433,3,1,4,0,0,0,0,0,2,0,0,24,1,1,0,1,2,2,0,0,0
723,0,12,2,1,0,0,0,0,0,1228,0,2,4,0,0,0,0,0,2,1,0,24,0,0,1,1,1,1,0,0,0
724,1,9,2,0,0,0,1,0,0,790,2,2,4,0,0,0,0,0,3,1,0,66,0,0,1,1,1,1,0,0,1
725,3,27,2,1,0,0,0,0,0,2570,0,2,3,0,0,0,0,0,3,1,0,21,0,1,0,1,2,1,0,0,0
726,3,6,4,1,0,0,0,0,0,250,3,2,2,0,0,0,0,0,2,1,0,41,1,0,1,2,1,1,0,0,1
727,3,15,4,0,0,0,1,0,0,1316,2,2,2,0,0,1,0,0,2,0,0,47,0,0,1,2,1,1,0,0,1
728,0,18,2,0,0,0,1,0,0,1882,0,2,4,0,0,0,0,0,4,0,0,25,1,1,0,2,2,1,0,0,0
729,1,48,1,0,0,0,0,0,1,6416,0,4,4,0,0,0,0,0,3,0,1,59,0,1,0,1,2,1,0,0,0
730,2,24,4,0,0,0,0,0,1,1275,3,2,2,1,0,0,0,0,4,1,0,36,0,0,1,2,2,1,1,0,1
731,1,24,3,0,0,0,1,0,0,6403,0,1,1,0,1,0,0,0,2,0,0,33,0,0,1,1,2,1,0,0,1
732,0,24,2,0,0,0,1,0,0,1987,0,2,2,0,1,0,0,0,4,1,0,21,0,1,0,1,1,2,0,0,0
733,1,8,2,0,0,0,1,0,0,760,0,3,4,0,0,0,0,1,2,1,0,44,0,0,1,1,1,1,0,0,1
734,3,24,2,0,1,0,0,0,0,2603,3,2,2,0,0,0,0,0,4,0,0,28,0,1,0,1,2,1,1,0,1
735,3,4,4,1,0,0,0,0,0,3380,0,3,1,0,0,0,0,0,1,1,0,37,0,0,1,1,2,2,0,0,1
736,1,36,1,0,0,0,0,0,0,3990,4,1,3,0,0,0,0,0,2,0,1,29,1,0,1,1,0,1,0,0,1
737,1,24,2,0,1,0,0,0,0,11560,0,2,1,0,0,0,0,0,4,0,0,23,0,1,0,2,3,1,0,0,0
738,0,18,2,1,0,0,0,0,0,4380,1,2,3,0,1,0,0,0,4,0,0,35,0,0,1,1,1,2,1,0,1
739,3,6,4,1,0,0,0,0,0,6761,0,3,1,0,1,0,0,0,3,0,1,45,0,0,1,2,3,2,1,0,1
740,1,30,0,0,0,0,0,0,1,4280,1,2,4,0,0,0,0,0,4,0,0,26,0,1,0,2,1,1,0,0,0
741,0,24,1,1,0,0,0,0,0,2325,1,3,2,0,1,0,0,0,3,0,0,32,1,0,1,1,2,1,0,0,1
742,1,10,1,0,0,0,1,0,0,1048,0,2,4,0,1,0,0,0,4,1,0,23,1,0,1,1,1,1,0,0,1
743,3,21,2,0,0,0,1,0,0,3160,4,4,4,0,1,0,0,0,3,0,0,41,0,0,1,1,2,1,1,0,1
744,0,24,1,0,0,1,0,0,0,2483,2,2,4,0,1,0,0,0,4,1,0,22,1,0,1,1,2,1,1,0,1
745,0,39,4,0,0,1,0,0,0,14179,4,3,4,0,1,0,0,0,4,0,0,30,0,0,1,2,3,1,1,0,1
746,0,13,4,0,0,0,0,0,1,1797,0,1,3,0,1,0,0,0,1,0,0,28,1,0,1,2,1,1,0,0,1
747,0,15,2,1,0,0,0,0,0,2511,0,0,1,0,0,0,0,0,4,0,0,23,0,1,0,1,2,1,0,0,1
748,0,12,2,1,0,0,0,0,0,1274,0,1,3,0,0,0,0,0,1,1,0,37,0,0,1,1,1,1,0,0,0
749,3,21,2,0,1,0,0,0,0,5248,4,2,1,0,1,0,0,0,3,0,0,26,0,0,1,1,2,1,0,0,1
750,3,15,2,0,1,0,0,0,0,3029,0,3,2,0,1,0,0,0,2,0,0,33,0,0,1,1,2,1,0,0,1
751,0,6,2,0,0,1,0,0,0,428,0,4,2,0,0,0,0,0,1,0,0,49,1,0,1,1,2,1,1,0,1
752,0,18,2,1,0,0,0,0,0,976,0,1,1,0,0,0,0,0,2,0,0,23,0,0,1,1,1,1,0,0,0
753,1,12,2,0,0,0,0,0,1,841,1,3,2,0,0,0,0,0,4,1,0,23,0,1,0,1,1,1,0,0,1
754,3,30,4,0,0,0,1,0,0,5771,0,3,4,0,0,0,0,0,2,0,0,25,0,0,1,2,2,1,0,0,1
755,3,12,3,0,0,0,0,0,0,1555,3,4,4,0,1,0,0,0,4,0,1,55,0,0,0,2,2,2,0,0,0
756,0,24,2,1,0,0,0,0,0,1285,4,3,4,0,0,0,0,0,4,0,1,32,0,1,0,1,2,1,0,0,0
757,2,6,4,1,0,0,0,0,0,1299,0,2,1,0,1,0,0,0,1,1,0,74,0,0,1,3,0,2,0,1,1
758,2,15,4,0,0,0,1,0,0,1271,4,2,3,0,1,0,0,0,4,0,1,39,0,0,0,2,2,1,1,0,0
759,3,24,2,1,0,0,0,0,0,1393,0,2,2,0,1,0,0,1,2,1,0,31,0,0,1,1,2,1,1,0,1
760,0,12,4,1,0,0,0,0,0,691,0,4,4,0,1,0,0,0,3,0,0,35,0,0,1,2,2,1,0,0,0
761,3,15,4,1,0,0,0,0,0,5045,4,4,1,0,0,0,0,0,4,0,0,59,0,0,1,1,2,1,1,0,1
762,0,18,4,0,0,1,0,0,0,2124,0,2,4,0,0,0,0,0,4,1,0,24,0,1,0,2,2,1,0,0,0
763,0,12,2,0,0,0,1,0,0,2214,0,2,4,0,1,0,0,0,3,0,0,24,0,0,1,1,1,1,0,0,1
764,3,21,4,1,0,0,0,0,0,12680,4,4,4,0,1,0,0,0,4,0,1,30,0,0,0,1,3,1,1,0,0
765,3,24,4,1,0,0,0,0,0,2463,1,3,4,0,0,1,0,0,3,0,0,27,0,0,1,2,2,1,1,0,1
766,1,12,2,0,0,0,1,0,0,1155,0,4,3,0,0,1,0,1,3,1,0,40,1,0,1,2,1,1,0,0,1
767,0,30,2,0,0,1,0,0,0,3108,0,1,2,1,0,0,0,0,4,0,0,31,0,0,1,1,1,1,0,0,0
768,3,10,2,0,1,0,0,0,0,2901,4,1,1,0,0,0,0,0,4,1,0,31,0,1,0,1,2,1,0,0,1
769,1,12,4,0,0,1,0,0,0,3617,0,4,1,0,1,0,0,0,4,0,0,28,0,1,0,3,2,1,1,0,1
770,3,12,4,0,0,0,1,0,0,1655,0,4,2,0,1,0,0,0,4,1,0,63,0,0,1,2,1,1,1,0,1
771,0,24,2,0,1,0,0,0,0,2812,4,4,2,0,0,0,0,0,4,1,0,26,0,1,0,1,2,1,0,0,1
772,0,36,4,0,0,0,0,1,0,8065,0,2,3,0,0,0,0,0,2,0,1,25,0,0,1,2,3,1,1,0,0
773,3,21,4,0,1,0,0,0,0,3275,0,4,1,0,1,0,0,0,4,0,0,36,0,0,1,1,3,1,1,0,1
774,3,24,4,0,0,0,1,0,0,2223,1,4,4,0,1,0,0,0,4,0,0,52,1,0,1,2,2,1,0,0,1
775,2,12,4,1,0,0,0,0,0,1480,2,0,2,0,1,0,0,0,4,0,1,66,1,0,0,3,0,1,0,0,1
776,0,24,2,1,0,0,0,0,0,1371,4,2,4,0,0,0,0,0,4,1,0,25,0,1,0,1,2,1,0,0,0
777,3,36,4,1,0,0,0,0,0,3535,0,3,4,0,1,0,0,0,4,0,0,37,0,0,1,2,2,1,1,0,1
778,0,18,2,0,0,0,1,0,0,3509,0,3,4,0,0,0,0,1,1,1,0,25,0,0,1,1,2,1,0,0,1
779,3,36,4,0,1,0,0,0,0,5711,3,4,4,0,1,0,0,0,2,0,0,38,0,0,1,2,3,1,1,0,1
780,1,18,2,0,0,0,0,0,0,3872,0,0,2,0,0,0,0,0,4,0,0,67,0,0,1,1,2,1,1,0,1
781,1,39,4,0,0,0,1,0,0,4933,0,3,2,0,1,0,0,1,2,1,0,25,0,0,1,2,2,1,0,0,0
782,3,24,4,1,0,0,0,0,0,1940,3,4,4,0,1,0,0,0,4,1,0,60,0,0,1,1,2,1,1,0,1
783,1,12,0,0,0,0,0,0,0,1410,0,2,2,0,1,0,0,0,2,1,0,31,0,0,1,1,1,1,1,0,1
784,1,12,2,1,0,0,0,0,0,836,1,1,4,0,0,0,0,0,2,0,0,23,1,0,1,1,1,1,0,0,0
785,1,20,2,0,1,0,0,0,0,6468,4,0,1,1,0,0,0,0,4,1,0,60,0,0,1,1,3,1,1,0,1
786,1,18,2,0,0,0,0,0,1,1941,3,2,4,0,1,0,0,0,2,0,0,35,0,0,1,1,1,1,1,0,1
787,3,22,2,0,0,0,1,0,0,2675,2,4,3,0,1,0,0,0,4,0,0,40,0,0,1,1,2,1,0,0,1
788,3,48,4,0,1,0,0,0,0,2751,4,4,4,0,1,0,0,0,3,0,0,38,0,0,1,2,2,2,1,0,1
789,1,48,3,0,0,0,0,1,0,6224,0,4,4,0,1,0,0,0,4,0,1,50,0,0,0,1,2,1,0,0,0
790,0,40,4,0,0,0,0,1,0,5998,0,2,4,0,1,0,0,0,3,0,1,27,1,0,1,1,2,1,1,0,0
791,1,21,2,0,0,0,0,0,1,1188,0,4,2,0,0,0,0,0,4,0,0,39,0,0,1,1,2,2,0,0,0
792,3,24,2,0,1,0,0,0,0,6313,4,4,3,0,1,0,0,0,4,0,0,41,0,0,1,1,3,2,1,0,1
793,3,6,4,0,0,1,0,0,0,1221,4,2,1,0,0,1,0,0,2,0,0,27,0,0,1,2,2,1,0,0,1
794,2,24,2,0,0,1,0,0,0,2892,0,4,3,1,0,0,0,0,4,0,1,51,0,0,0,1,2,1,0,0,1
795,3,24,2,0,0,1,0,0,0,3062,2,4,4,0,1,0,0,0,3,0,1,32,0,1,0,1,2,1,1,0,1
796,3,9,2,0,0,1,0,0,0,2301,1,1,2,0,0,0,0,0,4,0,0,22,0,1,0,1,2,1,0,0,1
797,0,18,2,0,1,0,0,0,0,7511,4,4,1,0,1,0,0,0,4,0,0,51,0,0,0,1,2,2,1,0,0
798,3,12,4,0,0,1,0,0,0,1258,0,1,2,0,0,0,0,0,4,0,0,22,0,1,0,2,1,1,0,0,1
799,3,24,3,1,0,0,0,0,0,717,4,4,4,0,0,1,0,0,4,0,0,54,0,0,1,2,2,1,1,0,1
800,1,9,2,1,0,0,0,0,0,1549,4,1,4,0,1,0,0,0,2,1,0,35,0,0,1,1,0,1,0,0,1
801,3,24,4,0,0,0,0,1,0,1597,0,4,4,0,1,0,0,0,4,0,1,54,0,0,0,2,2,2,0,0,1
802,1,18,4,0,0,0,1,0,0,1795,0,4,3,0,0,0,0,1,4,1,0,48,1,1,0,2,1,1,1,0,1
803,0,20,4,0,0,1,0,0,0,4272,0,4,1,0,0,0,0,0,4,0,0,24,0,0,1,2,2,1,0,0,1
804,3,12,4,0,0,0,1,0,0,976,4,4,4,0,1,0,0,0,4,0,0,35,0,0,1,2,2,1,0,0,1
805,1,12,2,1,0,0,0,0,0,7472,4,0,1,0,0,0,0,0,2,1,0,24,0,1,0,1,0,1,0,0,1
806,0,36,2,1,0,0,0,0,0,9271,0,3,2,0,1,0,0,0,1,0,0,24,0,0,1,1,2,1,1,0,0
807,1,6,2,0,0,0,1,0,0,590,0,1,3,0,0,1,0,0,3,1,0,26,0,0,1,1,1,1,0,1,1
808,3,12,4,0,0,0,1,0,0,930,4,4,4,0,1,0,0,0,4,1,0,65,0,0,1,4,2,1,0,0,1
809,1,42,1,0,1,0,0,0,0,9283,0,0,1,0,1,0,0,0,2,0,1,55,1,0,0,1,3,1,1,0,1
810,1,15,0,1,0,0,0,0,0,1778,0,1,2,0,0,0,0,0,1,1,0,26,0,1,0,2,0,1,0,0,0
811,1,8,2,0,0,0,0,0,1,907,0,1,3,0,0,1,0,0,2,1,0,26,0,0,1,1,2,1,1,0,1
812,1,6,2,0,0,0,1,0,0,484,0,3,3,0,0,1,0,1,3,1,0,28,1,0,1,1,1,1,0,0,1
813,0,36,4,0,1,0,0,0,0,9629,0,3,4,0,1,0,0,0,4,0,0,24,0,0,1,2,2,1,1,0,0
814,0,48,2,0,0,0,0,0,0,3051,0,2,3,0,1,0,0,0,4,0,0,54,0,0,1,1,2,1,0,0,0
815,0,48,2,1,0,0,0,0,0,3931,0,3,4,0,1,0,0,0,4,0,1,46,0,0,0,1,2,2,0,0,0
816,1,36,3,1,0,0,0,0,0,7432,0,2,2,0,0,0,0,0,2,0,0,54,0,1,0,1,2,1,0,0,1
817,3,6,2,0,0,0,0,0,0,1338,2,2,1,1,0,0,0,0,4,1,0,62,0,0,1,1,2,1,0,0,1
818,3,6,4,0,0,0,1,0,0,1554,0,3,1,0,0,0,0,0,2,0,0,24,0,1,0,2,2,1,1,0,1
819,0,36,2,0,0,0,0,0,0,15857,0,0,2,1,0,0,1,0,3,0,0,43,0,0,1,1,3,1,0,0,1
820,0,18,2,0,0,0,1,0,0,1345,0,2,4,0,0,1,0,0,3,1,0,26,1,0,1,1,2,1,0,0,0
821,3,12,2,1,0,0,0,0,0,1101,0,2,3,0,0,1,0,0,2,1,0,27,0,0,1,2,2,1,1,0,1
822,2,12,2,0,0,0,1,0,0,3016,0,2,3,0,0,1,0,0,1,0,0,24,0,0,1,1,2,1,0,0,1
823,0,36,2,0,0,1,0,0,0,2712,0,4,2,0,1,0,0,0,2,0,0,41,1,0,1,1,2,2,0,0,0
824,0,8,4,1,0,0,0,0,0,731,0,4,4,0,1,0,0,0,4,1,0,47,0,0,1,2,1,1,0,0,1
825,3,18,4,0,0,1,0,0,0,3780,0,1,3,1,0,0,0,0,2,0,0,35,0,0,1,2,3,1,1,0,1
826,0,21,4,1,0,0,0,0,0,1602,0,4,4,0,0,1,0,0,3,0,0,30,0,0,1,2,2,1,1,0,1
827,0,18,4,1,0,0,0,0,0,3966,0,4,1,0,0,0,0,0,4,1,0,33,1,1,0,3,2,1,1,0,0
828,3,18,0,0,0,0,0,0,1,4165,0,2,2,0,1,0,0,0,2,0,0,36,1,0,1,2,2,2,0,0,0
829,0,36,2,0,1,0,0,0,0,8335,4,4,3,0,1,0,0,0,4,0,1,47,0,0,0,1,2,1,0,0,0
830,1,48,3,0,0,0,0,0,1,6681,4,2,4,0,1,0,0,0,4,0,1,38,0,0,0,1,2,2,1,0,1
831,3,24,3,0,0,0,0,0,1,2375,2,2,4,0,1,0,0,0,2,0,0,44,0,0,1,2,2,2,1,0,1
832,0,18,2,1,0,0,0,0,0,1216,0,1,4,0,0,0,0,0,3,0,0,23,0,1,0,1,2,1,1,0,0
833,0,45,0,0,0,0,0,0,1,11816,0,4,2,0,1,0,0,0,4,0,0,29,0,1,0,2,2,1,0,0,0
834,1,24,2,0,0,0,1,0,0,5084,4,4,2,0,0,0,0,0,4,0,0,42,0,0,1,1,2,1,1,0,1
835,2,15,2,0,0,0,1,0,0,2327,0,1,2,0,0,0,0,0,3,1,0,25,0,0,1,1,1,1,0,0,0
836,0,12,0,1,0,0,0,0,0,1082,0,2,4,0,1,0,0,0,4,0,0,48,1,0,1,2,2,1,0,0,0
837,3,12,2,0,0,0,1,0,0,886,4,2,4,0,0,0,0,0,2,0,0,21,0,0,1,1,2,1,0,0,1
838,3,4,2,0,0,1,0,0,0,601,0,1,1,0,0,0,0,0,3,1,0,23,0,1,0,1,1,2,0,0,1
839,0,24,4,0,1,0,0,0,0,2957,0,4,4,0,1,0,0,0,4,0,0,63,0,0,1,2,2,1,1,0,1
840,3,24,4,0,0,0,1,0,0,2611,0,4,4,0,0,1,1,0,3,1,0,46,0,0,1,2,2,1,0,0,1
841,0,36,2,0,0,1,0,0,0,5179,0,3,4,0,1,0,0,0,2,0,0,29,0,0,1,1,2,1,0,0,0
842,3,21,3,0,1,0,0,0,0,2993,0,2,3,0,1,0,0,0,2,1,0,28,1,0,1,2,1,1,0,0,1
843,3,18,2,0,0,0,0,0,0,1943,0,1,4,0,0,0,0,0,4,1,0,23,0,0,1,1,2,1,0,0,0
844,3,24,1,0,0,0,0,0,1,1559,0,3,4,0,1,0,0,0,4,0,0,50,1,0,1,1,2,1,1,0,1
845,3,18,2,0,0,1,0,0,0,3422,0,4,4,0,1,0,0,0,4,0,0,47,1,0,1,3,2,2,1,0,1
846,1,21,2,0,0,1,0,0,0,3976,4,3,2,0,1,0,0,0,3,0,0,35,0,0,1,1,2,1,1,0,1
847,3,18,2,1,0,0,0,0,0,6761,4,2,2,0,1,0,0,0,4,0,0,68,0,1,0,2,2,1,0,0,0
848,3,24,2,1,0,0,0,0,0,1249,0,1,4,0,0,1,0,0,2,1,0,28,0,0,1,1,2,1,0,0,1
849,0,9,2,0,0,0,1,0,0,1364,0,3,3,0,1,0,0,0,4,1,0,59,0,0,1,1,2,1,0,0,1
850,0,12,2,0,0,0,1,0,0,709,0,4,4,0,1,0,0,0,4,1,0,57,1,0,1,1,1,1,0,0,0
851,0,20,4,1,0,0,0,0,0,2235,0,2,4,0,0,1,0,1,2,0,0,33,1,1,0,2,2,1,0,1,0
852,3,24,4,0,1,0,0,0,0,4042,4,3,3,0,1,0,0,0,4,0,0,43,0,0,1,2,2,1,1,0,1
853,3,15,4,0,0,0,1,0,0,1471,0,2,4,0,1,0,0,0,4,0,1,35,0,0,0,2,2,1,1,0,1
854,0,18,1,1,0,0,0,0,0,1442,0,3,4,0,1,0,0,0,4,0,1,32,0,0,0,2,1,2,0,0,0
855,3,36,3,1,0,0,0,0,0,10875,0,4,2,0,1,0,0,0,2,0,0,45,0,0,1,2,2,2,1,0,1
856,3,24,2,1,0,0,0,0,0,1474,1,1,4,0,0,1,0,0,3,1,0,33,0,0,1,1,2,1,1,0,1
857,3,10,2,0,0,0,0,0,0,894,4,3,4,0,0,0,0,0,3,0,0,40,0,0,1,1,2,1,1,0,1
858,3,15,4,0,0,1,0,0,0,3343,0,2,4,0,1,0,0,0,2,0,1,28,0,0,0,1,2,1,1,0,1
859,0,15,2,1,0,0,0,0,0,3959,0,2,3,0,0,0,0,0,2,0,0,29,0,0,1,1,2,1,1,0,0
860,3,9,2,1,0,0,0,0,0,3577,1,2,1,0,1,0,0,1,2,1,0,26,0,1,0,1,2,2,0,1,1
861,3,24,4,0,1,0,0,0,0,5804,3,2,4,0,1,0,0,0,2,1,0,27,0,0,1,2,2,1,0,0,1
862,3,18,3,0,0,0,0,0,1,2169,0,2,4,0,0,1,0,0,2,0,0,28,0,0,1,1,2,1,1,0,0
863,0,24,2,0,0,0,1,0,0,2439,0,1,4,0,0,0,0,0,4,1,0,35,0,0,1,1,2,1,1,0,0
864,3,27,4,0,0,1,0,0,0,4526,3,1,4,0,1,0,0,0,2,1,0,32,1,0,1,2,1,2,1,0,1
865,3,10,2,0,0,1,0,0,0,2210,0,2,2,0,1,0,0,0,2,1,0,25,1,1,0,1,1,1,0,0,0
866,3,15,2,0,0,1,0,0,0,2221,2,2,2,0,0,0,0,0,4,0,0,20,0,1,0,1,2,1,0,0,1
867,0,18,2,0,0,0,1,0,0,2389,0,1,4,0,0,0,0,0,1,0,0,27,1,0,1,1,2,1,0,0,1
868,3,12,4,0,0,1,0,0,0,3331,0,4,2,0,1,0,0,0,4,0,0,42,1,0,1,1,2,1,0,0,1
869,3,36,2,0,0,0,0,0,1,7409,4,4,3,0,1,0,0,0,2,0,0,37,0,0,1,2,2,1,0,0,1
870,0,12,2,0,0,1,0,0,0,652,0,4,4,0,0,0,0,0,4,0,0,24,0,1,0,1,2,1,0,0,1
871,3,36,3,0,0,1,0,0,0,7678,2,3,2,0,0,0,0,0,4,0,0,40,0,0,1,2,2,1,1,0,1
872,2,6,4,1,0,0,0,0,0,1343,0,4,1,0,1,0,0,0,4,1,0,46,0,0,1,2,2,2,0,1,1
873,0,24,4,0,0,0,0,0,1,1382,1,3,4,0,1,0,0,0,1,1,0,26,0,0,1,2,2,1,1,0,1
874,3,15,2,0,0,0,0,0,0,874,4,1,4,0,0,0,0,0,1,1,0,24,0,0,1,1,2,1,0,0,1
875,0,12,2,0,0,1,0,0,0,3590,0,2,2,0,1,0,1,0,2,0,0,29,0,0,1,1,1,2,0,0,1
876,1,11,4,1,0,0,0,0,0,1322,3,2,4,0,0,0,0,0,4,0,0,40,0,0,1,2,2,1,0,0,1
877,0,18,1,0,0,0,1,0,0,1940,0,1,3,0,1,0,1,0,4,0,1,36,1,0,0,1,3,1,1,0,1
878,3,36,2,0,0,0,1,0,0,3595,0,4,4,0,1,0,0,0,2,0,0,28,0,0,1,1,2,1,0,0,1
879,0,9,2,1,0,0,0,0,0,1422,0,1,3,0,1,0,0,0,2,0,1,27,0,0,0,1,3,1,1,0,0
880,3,30,4,0,0,0,1,0,0,6742,4,3,2,0,1,0,0,0,3,0,0,36,0,0,1,2,2,1,0,0,1
881,3,24,2,0,1,0,0,0,0,7814,0,3,3,0,1,0,0,0,3,0,0,38,0,0,1,1,3,1,1,0,1
882,3,24,2,0,1,0,0,0,0,9277,4,2,2,1,0,0,0,0,4,0,1,48,0,0,0,1,2,1,1,0,1
883,1,30,4,1,0,0,0,0,0,2181,4,4,4,0,1,0,0,0,4,1,0,36,0,0,1,2,2,1,0,0,1
884,3,18,4,0,0,0,1,0,0,1098,0,0,4,0,0,0,0,0,4,0,0,65,0,0,1,2,0,1,0,0,1
885,1,24,2,0,0,1,0,0,0,4057,0,3,3,1,0,0,0,0,3,0,0,43,0,0,1,1,2,1,1,0,0
886,0,12,2,0,0,0,0,1,0,795,0,1,4,0,0,0,0,0,4,0,0,53,0,0,1,1,2,1,0,0,0
887,1,24,4,0,0,0,0,0,1,2825,4,3,4,0,1,0,0,0,3,0,1,34,0,0,1,2,2,2,1,0,1
888,1,48,2,0,0,0,0,0,1,15672,0,2,2,0,1,0,0,0,2,0,0,23,0,0,1,1,2,1,1,0,0
889,3,36,4,1,0,0,0,0,0,6614,0,4,4,0,1,0,0,0,4,0,0,34,0,0,1,2,3,1,1,0,1
890,3,28,1,0,1,0,0,0,0,7824,4,1,3,0,1,0,0,1,4,1,0,40,1,1,0,2,2,2,1,0,1
891,0,27,4,0,0,0,0,0,1,2442,0,4,4,0,1,0,0,0,4,0,0,43,1,0,1,4,3,2,1,0,1
892,3,15,4,0,0,0,1,0,0,1829,0,4,4,0,1,0,0,0,4,0,0,46,0,0,1,2,2,1,1,0,1
893,0,12,4,1,0,0,0,0,0,2171,0,2,4,0,1,0,0,0,4,0,0,38,1,0,1,2,1,1,0,1,1
894,1,36,4,0,1,0,0,0,0,5800,0,2,3,0,1,0,0,0,4,0,0,34,0,0,1,2,2,1,1,0,1
895,3,18,4,0,0,0,1,0,0,1169,4,2,4,0,1,0,0,0,3,0,0,29,0,0,1,2,2,1,1,0,1
896,3,36,3,0,1,0,0,0,0,8947,4,3,3,0,1,0,0,0,2,0,0,31,1,0,1,1,3,2,1,0,1
897,0,21,2,0,0,0,1,0,0,2606,0,1,4,0,0,0,0,0,4,0,0,28,0,1,0,1,3,1,1,0,1
898,3,12,4,0,0,1,0,0,0,1592,3,3,3,0,0,0,0,0,2,0,0,35,0,0,1,1,2,1,0,1,1
899,3,15,2,0,0,1,0,0,0,2186,4,3,1,0,0,0,0,0,4,1,0,33,1,1,0,1,1,1,0,0,1
900,0,18,2,0,0,1,0,0,0,4153,0,2,2,0,1,0,1,0,3,0,0,42,0,0,1,1,2,1,0,0,0
901,0,16,4,1,0,0,0,0,0,2625,0,4,2,0,1,0,0,1,4,0,0,43,1,1,0,1,2,1,1,0,0
902,3,20,4,1,0,0,0,0,0,3485,4,1,2,1,0,0,0,0,4,1,0,44,0,0,1,2,2,1,1,0,1
903,3,36,4,0,1,0,0,0,0,10477,4,4,2,0,1,0,0,0,4,0,1,42,0,0,0,2,2,1,0,0,1
904,3,15,2,0,0,0,1,0,0,1386,4,2,4,0,0,1,0,0,2,1,0,40,0,1,0,1,2,1,1,0,1
905,3,24,2,0,0,0,1,0,0,1278,0,4,4,0,1,0,0,0,1,1,0,36,0,0,1,1,3,1,1,0,1
906,0,12,2,0,0,0,1,0,0,1107,0,2,2,0,1,0,0,0,2,1,0,20,0,1,0,1,3,2,1,0,1
907,0,21,2,1,0,0,0,0,0,3763,4,3,2,0,1,0,1,0,2,1,0,24,0,0,1,1,1,1,0,1,1
908,1,36,2,0,0,0,0,1,0,3711,4,2,2,0,0,1,0,0,2,0,0,27,0,0,1,1,2,1,0,0,1
909,3,15,3,0,1,0,0,0,0,3594,0,1,1,0,0,0,0,0,2,0,0,46,0,0,1,2,1,1,0,0,1
910,1,9,2,1,0,0,0,0,0,3195,4,2,1,0,0,0,0,0,2,1,0,33,0,0,1,1,1,1,0,0,1
911,3,36,3,0,0,0,1,0,0,4454,0,2,4,0,0,0,0,0,4,1,0,34,0,0,1,2,2,1,0,0,1
912,1,24,4,0,0,1,0,0,0,4736,0,1,2,0,0,0,0,0,4,0,0,25,1,0,1,1,1,1,0,0,0
913,1,30,2,0,0,0,1,0,0,2991,4,4,2,0,0,0,0,0,4,0,0,25,0,0,1,1,2,1,0,0,1
914,3,11,2,0,0,0,0,0,1,2142,3,4,1,1,0,0,0,0,2,1,0,28,0,0,1,1,2,1,1,0,1
915,0,24,1,0,0,0,0,0,1,3161,0,2,4,0,1,0,0,0,2,0,0,31,0,1,0,1,2,1,1,0,0
916,1,48,0,0,0,0,0,0,0,18424,0,2,1,0,0,0,0,0,2,0,0,32,1,0,1,1,3,1,1,1,0
917,3,10,2,0,1,0,0,0,0,2848,1,2,1,0,1,0,1,0,2,1,0,32,0,0,1,1,2,2,0,0,1
918,0,6,2,1,0,0,0,0,0,14896,0,4,1,0,1,0,0,0,4,0,1,68,1,0,1,1,3,1,1,0,0
919,0,24,2,0,0,1,0,0,0,2359,1,0,1,1,0,0,0,0,1,0,0,33,0,0,1,1,2,1,0,0,0
920,0,24,2,0,0,1,0,0,0,3345,0,4,4,0,1,0,0,0,2,0,0,39,0,1,0,1,3,1,1,0,0
921,3,18,4,0,0,1,0,0,0,1817,0,2,4,0,0,0,0,0,2,0,1,28,0,0,1,2,2,1,0,0,1
922,3,48,3,0,0,0,1,0,0,12749,2,3,4,0,1,0,0,0,1,0,0,37,0,0,1,1,3,1,1,0,1
923,0,9,2,0,0,0,1,0,0,1366,0,1,3,0,0,0,0,0,4,0,0,22,0,1,0,1,2,1,0,0,0
924,1,12,2,1,0,0,0,0,0,2002,0,3,3,0,1,0,0,0,4,0,0,30,0,1,0,1,2,2,1,0,1
925,0,24,1,0,0,1,0,0,0,6872,0,1,2,1,0,0,0,0,1,0,0,55,1,0,1,1,2,1,1,0,0
926,0,12,1,1,0,0,0,0,0,697,0,1,4,0,1,0,0,0,2,0,0,46,1,0,1,2,2,1,1,0,0
927,0,18,4,0,0,1,0,0,0,1049,0,1,4,0,0,0,0,0,4,0,0,21,0,1,0,1,2,1,0,0,1
928,0,48,2,0,1,0,0,0,0,10297,0,3,4,0,1,0,0,0,4,0,1,39,1,0,0,3,2,2,1,0,0
929,3,30,2,0,0,0,1,0,0,1867,4,4,4,0,1,0,0,0,4,0,0,58,0,0,1,1,2,1,1,0,1
930,0,12,3,1,0,0,0,0,0,1344,0,2,4,0,1,0,0,0,2,1,0,43,0,0,1,2,1,2,0,0,1
931,0,24,2,0,0,1,0,0,0,1747,0,1,4,0,1,0,1,0,1,0,0,24,0,0,1,1,1,1,0,1,1
932,1,9,2,0,0,0,1,0,0,1670,0,1,4,0,0,0,0,0,2,0,0,22,0,0,1,1,2,1,1,0,0
933,3,9,4,1,0,0,0,0,0,1224,0,2,3,0,1,0,0,0,1,1,0,30,0,0,1,2,2,1,0,0,1
934,3,12,4,0,0,0,1,0,0,522,2,4,4,0,1,0,0,0,4,0,0,42,0,0,1,2,2,2,1,0,1
935,0,12,2,0,0,0,1,0,0,1498,0,2,4,0,0,0,0,0,1,0,0,23,1,0,1,1,2,1,0,0,1
936,1,30,3,0,0,0,1,0,0,1919,1,1,4,0,1,0,0,0,3,0,1,30,1,0,1,2,3,1,0,0,0
937,2,9,2,0,0,0,1,0,0,745,0,2,3,0,0,0,0,0,2,1,0,28,0,0,1,1,1,1,0,0,0
938,1,6,2,0,0,0,1,0,0,2063,0,1,4,0,0,1,0,0,3,0,0,30,0,1,0,1,3,1,1,0,1
939,1,60,2,0,0,0,0,1,0,6288,0,2,4,0,1,0,0,0,4,0,1,42,0,0,0,1,2,1,0,0,0
940,3,24,4,0,1,0,0,0,0,6842,4,2,2,0,1,0,0,0,4,0,0,46,0,0,1,2,3,2,1,0,1
941,3,12,2,1,0,0,0,0,0,3527,4,1,2,0,1,0,0,0,3,0,0,45,0,0,1,1,3,2,1,0,1
942,3,10,2,1,0,0,0,0,0,1546,0,2,3,0,1,0,0,0,2,1,0,31,0,0,1,1,1,2,0,1,1
943,3,24,2,0,0,1,0,0,0,929,4,3,4,0,1,0,0,0,2,0,0,31,1,0,1,1,2,1,1,0,1
944,3,4,4,1,0,0,0,0,0,1455,0,3,2,0,1,0,0,0,1,1,0,42,0,0,1,3,1,2,0,0,1
945,0,15,2,0,0,1,0,0,0,1845,0,1,4,0,0,0,0,1,1,0,0,46,0,1,0,1,2,1,0,0,1
946,1,48,0,1,0,0,0,0,0,8358,2,1,1,0,0,0,0,0,1,0,0,30,0,0,1,2,2,1,0,0,1
947,0,24,1,0,0,1,0,0,0,3349,2,1,4,0,1,0,0,0,4,0,1,30,0,0,0,1,2,2,1,0,0
948,3,12,2,1,0,0,0,0,0,2859,4,0,4,0,1,0,0,0,4,0,1,38,0,0,1,1,3,1,1,0,1
949,3,18,2,0,0,1,0,0,0,1533,0,1,4,0,0,1,1,0,1,0,0,43,0,0,1,1,1,2,0,0,0
950,3,24,2,0,0,0,1,0,0,3621,1,4,2,0,1,0,0,0,4,0,0,31,0,0,1,2,2,1,0,0,0
951,1,18,4,0,0,0,0,0,1,3590,0,0,3,0,0,1,0,0,3,0,0,40,0,0,1,3,0,2,1,0,1
952,0,36,3,0,0,0,0,0,1,2145,0,3,2,0,1,0,0,0,1,0,0,24,0,0,1,2,2,1,1,0,0
953,1,24,2,0,1,0,0,0,0,4113,2,1,3,0,0,0,0,0,4,0,0,28,0,1,0,1,2,1,0,0,0
954,3,36,2,0,0,1,0,0,0,10974,0,0,4,0,0,0,0,0,2,0,0,26,0,0,1,2,3,1,1,0,0
955,0,12,2,1,0,0,0,0,0,1893,0,2,4,0,0,0,0,1,4,0,0,29,0,0,1,1,2,1,1,0,1
956,0,24,4,0,0,0,1,0,0,1231,3,4,4,0,0,0,0,0,4,0,0,57,0,1,0,2,3,1,1,0,1
957,2,30,4,0,0,0,1,0,0,3656,4,4,4,0,1,0,0,0,4,0,0,49,1,0,1,2,1,1,0,0,1
958,1,9,4,0,0,0,1,0,0,1154,0,4,2,0,1,0,0,0,4,1,0,37,0,0,1,3,1,1,0,0,1
959,0,28,2,1,0,0,0,0,0,4006,0,2,3,0,1,0,0,0,2,0,0,45,0,0,1,1,1,1,0,0,0
960,1,24,2,0,0,1,0,0,0,3069,1,4,4,0,1,0,0,0,4,0,1,30,0,0,0,1,2,1,0,0,1
961,3,6,4,0,0,0,1,0,0,1740,0,4,2,0,0,1,0,0,2,1,0,30,0,1,0,2,2,1,0,0,1
962,1,21,3,1,0,0,0,0,0,2353,0,2,1,1,0,0,0,0,4,0,0,47,0,0,1,2,2,1,0,0,1
963,3,15,2,1,0,0,0,0,0,3556,4,2,3,0,1,0,0,0,2,0,1,29,0,0,1,1,2,1,0,0,1
964,3,24,2,0,0,0,1,0,0,2397,2,4,3,0,1,0,0,0,2,0,0,35,1,0,1,2,2,1,1,0,0
965,1,6,2,0,0,0,0,0,0,454,0,1,3,0,0,1,0,0,1,0,0,22,0,0,1,1,1,1,0,0,1
966,1,30,2,0,0,0,1,0,0,1715,4,2,4,0,0,0,0,0,1,0,0,26,0,0,1,1,2,1,0,0,1
967,1,27,4,0,0,0,1,0,0,2520,2,2,4,0,1,0,0,0,2,0,0,23,0,0,1,2,1,1,0,0,0
968,3,15,2,0,0,0,1,0,0,3568,0,4,4,0,0,0,0,0,2,0,0,54,1,1,0,1,3,1,1,0,1
969,3,42,2,0,0,0,1,0,0,7166,4,3,2,0,0,1,0,0,4,0,0,29,0,1,0,1,2,1,1,0,1
970,0,11,4,1,0,0,0,0,0,3939,0,2,1,0,1,0,0,0,2,1,0,40,0,0,1,2,1,2,0,0,1
971,1,15,2,0,0,0,0,0,0,1514,1,2,4,0,1,0,0,1,2,1,0,22,0,0,1,1,2,1,0,0,1
972,3,24,2,1,0,0,0,0,0,7393,0,2,1,0,1,0,0,0,4,0,0,43,0,0,1,1,1,2,0,0,1
973,0,24,1,1,0,0,0,0,0,1193,0,0,1,0,0,0,1,0,4,0,1,29,0,1,0,2,0,1,0,0,0
974,0,60,2,0,0,0,0,0,1,7297,0,4,4,0,1,0,1,0,4,0,1,36,0,1,0,1,2,1,0,0,0
975,3,30,4,0,0,0,1,0,0,2831,0,2,4,0,0,0,0,0,2,0,0,33,0,0,1,1,2,1,1,0,1
976,2,24,2,0,0,0,1,0,0,1258,2,2,3,0,0,0,0,0,3,0,0,57,0,0,1,1,1,1,0,0,1
977,1,6,2,0,0,0,1,0,0,753,0,2,2,0,0,0,0,1,3,1,0,64,0,0,1,1,2,1,0,0,1
978,1,18,3,0,0,0,0,0,1,2427,4,4,4,0,1,0,0,0,2,0,0,42,0,0,1,2,2,1,0,0,1
979,3,24,3,1,0,0,0,0,0,2538,0,4,4,0,1,0,0,0,4,0,0,47,0,0,1,2,1,2,0,0,0
980,1,15,1,1,0,0,0,0,0,1264,1,2,2,0,0,1,0,0,2,0,0,25,0,1,0,1,2,1,0,0,0
981,1,30,4,0,0,1,0,0,0,8386,0,3,2,0,1,0,0,0,2,0,0,49,0,0,1,1,2,1,0,0,0
982,3,48,2,0,0,0,0,0,1,4844,0,0,3,0,1,0,0,0,2,0,0,33,1,1,0,1,3,1,1,0,0
983,2,21,2,1,0,0,0,0,0,2923,1,2,1,0,0,0,0,0,1,0,0,28,1,0,1,1,3,1,1,0,1
984,0,36,2,0,1,0,0,0,0,8229,0,2,2,0,1,0,0,0,2,0,0,26,0,0,1,1,2,2,0,0,0
985,3,24,4,0,0,1,0,0,0,2028,0,3,2,0,1,0,0,0,2,0,0,30,0,0,1,2,1,1,0,0,1
986,0,15,4,0,0,1,0,0,0,1433,0,2,4,0,0,0,0,0,3,0,0,25,0,1,0,2,2,1,0,0,1
987,2,42,0,0,0,0,0,0,1,6289,0,1,2,1,0,0,0,0,1,0,0,33,0,0,1,2,2,1,0,0,1
988,3,13,2,0,0,0,1,0,0,1409,1,0,2,0,0,0,0,0,4,1,0,64,0,0,1,1,2,1,0,0,1
989,0,24,2,0,1,0,0,0,0,6579,0,0,4,0,1,0,0,0,2,0,1,29,0,0,0,1,3,1,1,0,1
990,1,24,4,0,0,0,1,0,0,1743,0,4,4,0,1,0,0,0,2,0,0,48,0,0,1,2,1,1,0,0,1
991,3,12,4,0,0,0,0,1,0,3565,4,1,2,0,1,0,0,0,1,0,0,37,0,0,1,2,1,2,0,0,1
992,3,15,1,0,0,0,1,0,0,1569,1,4,4,0,1,0,0,0,4,0,0,34,1,0,1,1,1,2,0,0,1
993,0,18,2,0,0,0,1,0,0,1936,4,3,2,0,0,1,0,0,4,0,0,23,0,1,0,2,1,1,0,0,1
994,0,36,2,0,0,1,0,0,0,3959,0,0,4,0,1,0,0,0,3,0,0,30,0,0,1,1,3,1,1,0,1
995,3,12,2,1,0,0,0,0,0,2390,4,4,4,0,1,0,0,0,3,0,0,50,0,0,1,1,2,1,1,0,1
996,3,12,2,0,0,1,0,0,0,1736,0,3,3,0,0,0,0,0,4,1,0,31,0,0,1,1,1,1,0,0,1
997,0,30,2,0,1,0,0,0,0,3857,0,2,4,1,0,0,0,0,4,0,0,40,0,0,1,1,3,1,1,0,1
998,3,12,2,0,0,0,1,0,0,804,0,4,4,0,1,0,0,0,4,0,0,38,0,0,1,1,2,1,0,0,1
999,0,45,2,0,0,0,1,0,0,1845,0,2,4,0,1,0,0,0,4,0,1,23,0,0,0,1,2,1,1,0,0
1000,1,45,4,0,1,0,0,0,0,4576,1,0,3,0,1,0,0,0,4,0,0,27,0,0,1,1,2,1,0,0,1
